label,score
1,1.80945337
1,2.55108070
1,2.46905518
1,3.40038586
1,3.99910307
1,3.99944949
1,3.52782154
1,3.72334957
1,3.60084105
1,4.02818823
1,3.50254989
1,4.26098061
1,3.67320585
1,2.43924475
1,1.34022665
1,2.38771701
1,4.22191715
1,2.60857177
1,3.50613332
1,2.53740406
1,2.71208858
1,2.02030897
1,2.07792974
1,1.84058464
1,2.50204968
1,3.91469908
1,3.67834139
1,2.53911924
1,3.61277103
1,1.96733201
1,4.10705233
1,3.24553752
1,3.34658265
1,3.12413454
1,3.79026747
1,3.16871142
1,2.54343414
1,4.18160343
1,3.45697069
1,4.06666422
1,2.76775908
1,2.94783235
1,3.01419878
1,3.51357293
1,3.20822048
1,3.37034941
1,2.83303165
1,2.37764454
1,4.54550362
1,3.24329853
1,2.11573505
1,4.01263762
1,3.37320995
1,2.96290612
1,2.53381395
1,2.19782043
1,2.52085471
1,3.84102535
1,4.42793989
1,2.72732210
1,3.11337662
1,3.08683610
1,2.10186291
1,3.64217210
1,3.28162909
1,4.37426758
1,2.33981609
1,3.93444443
1,3.19685364
1,2.49870133
1,3.23599052
1,1.35848367
1,2.50110507
1,2.59879303
1,3.98924422
1,3.09385395
1,3.26311255
1,3.59074068
1,2.33958697
1,4.30382872
1,3.68213940
1,2.86138582
1,2.22493482
1,3.94739437
1,3.19757748
1,3.12221217
1,3.38695908
1,5.03621340
1,4.51183748
1,3.15903354
1,1.99873984
1,2.88115048
1,1.15575957
1,2.54956698
1,2.18180656
1,3.17783689
1,2.72138882
1,2.13008547
1,2.64437938
1,3.44844341
1,2.57004666
1,2.79509735
1,2.69683242
1,3.03061366
1,2.77284861
1,3.31637144
1,4.30058241
1,3.75265503
1,3.38352990
1,3.75655866
1,2.61640191
1,3.79870439
1,2.95748281
1,3.18406248
1,2.44277191
1,2.52570176
1,1.89306307
1,4.33738470
1,2.40908694
1,2.61903834
1,3.18767262
1,3.41157174
1,2.01403761
1,3.82876706
1,2.71587467
1,3.26905990
1,4.17907047
1,2.54842710
1,2.31893039
1,3.35358214
1,3.38993001
1,3.48210430
1,3.53296590
1,3.11222792
1,3.05186510
1,3.54265261
1,2.30744982
1,3.51040411
1,2.48896003
1,2.82653904
1,3.37564325
1,2.85527468
1,2.36669159
1,3.23757648
1,3.63594651
1,2.85040283
1,2.58579350
1,3.47631550
1,3.00841618
1,3.70906925
1,2.76459861
1,3.54126620
1,1.78570914
1,4.62340927
1,2.49726391
1,3.11593723
1,2.34094667
1,3.15160966
1,3.30316663
1,3.29877543
1,3.78933978
1,2.89282131
1,2.56167650
1,2.75425601
1,3.14579868
1,2.51359558
1,3.65620518
1,2.66256285
1,3.08123732
1,1.95736396
1,3.44087696
1,2.25892353
1,4.75356102
1,3.58006835
1,2.90026093
1,2.82739353
1,3.18789124
1,3.93220019
1,2.99995756
1,3.86052275
1,2.61316967
1,3.22392058
1,2.55818987
1,2.05024362
1,2.17543840
1,1.96938241
1,2.43801999
1,3.55100346
1,2.74505496
1,2.89294553
1,2.24807072
1,4.13027716
1,3.69900727
1,4.26914883
1,2.20485473
1,2.64494991
1,2.22065449
1,1.70847106
1,3.02043867
1,2.04632354
1,3.60967755
1,2.95602155
1,2.91813874
1,3.40992332
1,1.65529990
1,3.42680645
1,3.34440947
1,4.14399052
1,2.06413150
1,3.26395345
1,2.52534008
1,3.32259083
1,3.45768428
1,3.24854541
1,4.01791430
1,4.18716526
1,2.54996753
1,4.76226234
1,2.70715833
1,3.99175096
1,3.55411959
1,3.32094383
1,4.24904585
1,2.43633485
1,3.63158917
1,2.54314828
1,3.61925721
1,1.73954082
1,2.67029357
1,3.41909909
1,3.26969552
1,2.13608980
1,3.19401670
1,2.28835678
1,2.66396785
1,2.26061678
1,3.10043716
1,3.24865294
1,2.08726859
1,3.12679005
1,2.05079055
1,4.12190580
1,4.76912165
1,3.86928225
1,2.63047338
1,3.08034062
1,2.92158985
1,2.72730923
1,3.06009197
1,3.51849413
1,4.33943701
1,3.51747370
1,2.59912324
1,3.39501476
1,2.86542630
1,1.50230980
1,2.09564543
1,2.28192568
1,3.33219624
1,2.63199019
1,2.28543186
1,3.14023757
1,2.00239611
1,3.06803632
1,3.73320937
1,1.38858104
1,2.61102080
1,2.60522461
1,2.68157148
1,2.97983837
1,1.97474229
1,2.37480664
1,2.64306211
1,4.27455473
1,3.05257845
1,3.44241691
1,3.04535198
1,3.25415063
1,1.40244591
1,3.08196545
1,1.95863748
1,2.36556625
1,3.78042173
1,3.98966050
1,3.93267989
1,3.67408204
1,2.54526234
1,3.09796238
1,2.80309558
1,4.19384623
1,2.53852940
1,4.30040216
1,2.64251471
1,3.59335494
1,3.13881731
1,3.27707553
1,1.70716941
1,3.93774676
1,2.77925229
1,3.58467007
1,1.77206290
1,5.05098248
1,2.56356454
1,3.83761120
1,1.05998242
1,3.12300706
1,3.90568972
1,3.18392992
1,1.62739897
1,2.66802359
1,3.22951221
1,2.77252221
1,2.42745543
1,3.24076986
1,1.61442018
1,2.28612304
1,2.96348000
1,3.06759691
1,2.97296047
1,2.33920169
1,4.09752846
1,3.62727952
1,4.03464365
1,1.54799151
1,3.31001115
1,3.63696718
1,2.42005825
1,1.66664374
1,3.16061044
1,2.10648370
1,3.62467694
1,1.81980133
1,3.17722893
1,2.71825624
1,2.36286449
1,2.78313446
1,3.26520157
1,3.87303710
1,3.27211237
1,3.21636796
1,3.19353771
1,3.66502881
1,3.90023685
1,2.14261961
1,2.88663411
1,2.66746354
1,3.81753540
1,1.62408447
1,1.86456537
1,2.69253874
1,3.50828409
1,2.11686158
1,5.09459114
1,2.10545063
1,3.45371199
1,3.02687550
1,1.45536160
1,3.20110226
1,3.95046139
1,3.71454239
1,3.00202060
1,1.97714186
1,2.55410337
1,4.25336456
1,3.10605049
1,2.45589328
1,3.71369767
1,1.61937821
1,3.31236744
1,3.03106189
1,1.16063988
1,3.23516893
1,2.53624678
1,2.99497771
1,4.10884380
1,2.94663191
1,2.96729565
1,1.73824441
1,2.93576765
1,2.12515569
1,3.56103516
1,1.36577749
1,2.93705583
1,4.40697384
1,1.98853219
1,2.94964504
1,2.47531509
1,1.27312291
1,3.50112748
1,4.16144943
1,4.31508398
1,2.46469927
1,3.45280933
1,3.63044572
1,4.87955046
1,3.14912224
1,2.86749959
1,4.24023533
1,3.23025846
1,1.48176003
1,2.80869865
1,3.79940414
1,4.34174442
1,3.12388968
1,2.23494983
1,1.95291328
1,2.52330208
1,3.55017972
1,2.30511379
1,2.00417495
1,3.07225585
1,3.20675182
1,2.67292571
1,2.28806734
1,2.88396621
1,1.93586016
1,2.08608150
1,4.08584690
1,3.49041796
1,2.64706326
1,2.69107008
1,3.53006816
1,4.13230705
1,3.52355313
1,2.56813931
1,3.17948532
1,4.11441278
1,2.25239849
1,2.82403946
1,1.51775968
1,2.92689180
1,2.83222008
1,1.95988023
1,4.24635315
1,2.56784987
1,2.61358309
1,1.79094648
1,2.66504407
1,2.39088297
1,2.54335594
1,1.40337336
1,3.77144241
1,2.89768672
1,1.75078261
1,2.72684383
1,2.75749969
1,3.51474285
1,3.23412871
1,1.96231890
1,2.58557034
1,3.22775578
1,2.75245237
1,2.30130672
1,3.28725719
1,3.42784762
1,3.33410931
1,4.06882286
1,3.27888393
1,2.84357429
1,3.88050580
1,3.06695223
1,2.89075518
1,3.21213508
1,2.08830142
1,4.09927559
1,3.66923141
1,3.06977487
1,3.02620602
1,4.50951719
1,3.49466658
1,1.62691259
1,2.49882984
1,3.17073011
1,3.54771137
1,3.24401355
1,4.68190575
1,2.83576202
1,2.46031189
1,1.73396087
1,2.88852310
1,2.85645509
1,1.73181641
1,3.05820990
1,2.32495165
1,2.85547495
1,3.22514701
1,2.67898607
1,2.60763812
1,2.42618203
1,3.15810633
1,2.96492243
1,3.74461317
1,3.94361544
1,1.84617805
1,2.03301048
1,2.90895796
1,2.16478896
1,2.45810294
1,1.69564867
1,2.40807295
1,3.40289307
1,2.55638576
1,2.37083101
1,3.54475331
1,3.90641880
1,3.74206281
1,2.43832898
1,3.32745552
1,3.37900305
1,2.41010475
1,2.64861846
1,4.47179508
1,2.02695251
1,2.67975402
1,3.39715385
1,3.47590590
1,3.72469115
1,2.50503421
1,3.16653824
1,1.98847413
1,3.91229916
1,2.84371996
1,3.66148973
1,3.62473083
1,3.76021791
1,1.89190543
1,2.90853786
1,4.42438507
1,4.22281837
1,3.60500765
1,3.96863556
1,5.06295776
1,1.98378325
1,2.96295643
1,1.58717370
1,2.13495684
1,1.88939261
1,2.58230495
1,3.16390395
1,2.01123261
1,2.19154406
1,2.60405469
1,3.72093463
1,1.65349054
1,3.04987431
1,2.83742452
1,3.34853315
1,3.06157184
1,1.67757308
1,2.07037258
1,2.98465276
1,2.53013706
1,1.57742417
1,1.98222685
1,3.39159822
1,3.22480297
1,2.91510487
1,4.16547918
1,2.93610525
1,3.76824522
1,3.06647468
1,3.28801107
1,2.83326983
1,2.06290460
1,2.48965096
1,4.72611809
1,4.41238165
1,2.70162487
1,2.90907121
1,2.21912098
1,2.00320315
1,1.93215322
1,3.10651302
1,3.16464424
1,2.34174562
1,3.77161670
1,2.81955957
1,2.81754971
1,2.33620715
1,2.47027254
1,3.73029923
1,3.45609021
1,2.21685076
1,3.85516262
1,2.51560640
1,3.93673801
1,3.85358000
1,1.89145994
1,2.58758068
1,2.61442304
1,2.39883757
1,3.70281696
1,3.69443512
1,4.11633348
1,1.96599090
1,3.25571680
1,2.23616648
1,2.85433745
1,3.64558744
1,3.50584745
1,3.28678989
1,3.45869732
1,4.10319567
1,3.47626853
1,4.21858215
1,3.03245640
1,3.11459827
1,2.39180923
1,2.60746026
1,3.10777593
1,2.29611182
1,1.52049088
1,3.74950671
1,3.26028514
1,3.76061153
1,3.88751602
1,2.99071670
1,3.42060590
1,3.16900110
1,3.61925077
1,2.94268203
1,3.73858142
1,2.89120722
1,3.89228654
1,2.49588728
1,1.92033684
1,2.88989425
1,2.37593365
1,3.01830888
1,2.70988727
1,3.42579913
1,3.67172027
1,4.66554689
1,2.93213725
1,2.17216229
1,2.87799406
1,2.41977358
1,3.64851332
1,4.18661308
1,2.65750647
1,2.84510827
1,3.14762712
1,2.86881423
1,1.92022872
1,2.10618925
1,2.18403482
1,3.81534147
1,3.83129382
1,2.05329823
1,2.69493270
1,2.90698099
1,3.67892122
1,2.92646575
1,2.49899721
1,2.74684548
1,3.04071164
1,1.95972908
1,2.82285261
1,1.84291208
1,4.08385468
1,1.67041838
1,2.91441512
1,2.22855759
1,2.80910850
1,3.04930258
1,2.57109022
1,2.44139028
1,3.34804058
1,3.46576357
1,2.13412762
1,4.13946867
1,2.74855042
1,3.42039371
1,2.85408831
1,2.73565006
1,2.10868835
1,2.84222054
1,4.37514305
1,3.40310788
1,2.71769595
1,2.86069870
1,2.87270951
1,1.66455793
1,3.69543552
1,3.62176943
1,1.71222627
1,3.39780092
1,2.62816787
1,3.40998626
1,1.96553659
1,3.25667810
1,2.98139882
1,2.62304950
1,2.12852597
1,4.17885780
1,4.41032839
1,5.06048012
1,1.51881349
1,3.39075494
1,2.86004233
1,2.77225924
1,3.49446321
1,2.53440309
1,4.29584026
1,2.05572557
1,2.75172424
1,1.77733934
1,1.64393103
1,2.60513139
1,5.12590504
1,4.09175682
1,3.58481312
1,4.11998463
1,2.53897071
1,2.94209528
1,2.45366621
1,2.20663834
1,4.38862085
1,3.34930849
1,2.95074940
1,1.90837646
1,4.18826294
1,2.97562528
1,3.08271646
1,2.98616695
1,2.93261623
1,3.76942325
1,4.45794582
1,3.70035601
1,4.11362648
1,2.91478419
1,3.57192183
1,4.25478315
1,3.58327651
1,4.11919260
1,2.92553020
1,3.73628712
1,3.19527888
1,2.70121765
1,4.24588871
1,1.24913621
1,2.92361927
1,2.36491632
1,2.48907804
1,2.85764837
1,3.44967532
1,3.97327638
1,3.01089311
1,3.08824730
1,3.05009937
1,2.16988802
1,4.03919649
1,2.54834104
1,4.04486275
1,4.50776911
1,2.85997772
1,3.50519347
1,2.81329823
1,2.31218696
1,4.10442781
1,2.10735226
1,2.56844974
1,3.33403850
1,3.95488477
1,2.51912093
1,3.32909942
1,2.65285492
1,2.40736103
1,3.29378414
1,3.49606395
1,1.90171599
1,2.81891894
1,1.72453070
1,4.76972389
1,2.95151496
1,2.80059981
1,4.64011049
1,2.75479484
1,4.35390043
1,2.50828075
1,2.87492394
1,2.01850629
1,3.04765272
1,3.31132412
1,3.21618795
1,3.99277592
1,2.76126599
1,2.72886944
1,3.45965314
1,2.19664645
1,3.84881258
1,2.65749192
1,2.77309465
1,2.30040574
1,2.40930510
1,4.06202459
1,2.48310661
1,3.59434628
1,3.90292454
1,3.07198763
1,1.91977179
1,2.81821585
1,2.38099480
1,2.48178148
1,3.11316967
1,3.01563215
1,1.79316878
1,2.32901597
1,4.77585602
1,2.33446932
1,3.62508988
1,2.57749677
1,1.73690176
1,2.28293777
1,2.79106092
1,2.21931791
1,2.88186193
1,3.95691013
1,3.28281927
1,4.38506746
1,3.90616822
1,3.06758881
1,3.26311255
1,1.78570914
1,2.68928361
1,1.89145994
1,4.29584026
1,4.36401987
1,2.56488514
1,2.01696754
1,2.83446598
1,3.15207911
1,2.73217869
1,3.60382175
1,2.59310555
1,2.61997581
1,2.20881319
1,3.62065005
1,3.06823444
1,3.42340803
1,2.85791516
1,4.53153515
1,3.54949546
1,3.46044374
1,2.37052417
1,3.42708254
1,2.25008941
1,2.68140864
1,4.65912437
1,1.69211221
1,2.73535061
1,3.04106951
1,3.26901507
1,3.64036274
1,4.02140999
1,4.20569086
1,2.88790035
1,2.53470111
1,2.04995632
1,4.00356817
1,2.38919878
1,2.58483887
1,2.59098411
1,2.26317716
1,4.72525215
1,2.89649820
1,1.89272475
1,2.96067166
1,3.28140521
1,3.12668848
1,3.07399631
1,3.40601826
1,3.47207046
1,3.09896898
1,2.15638518
1,4.20873070
1,4.23569107
1,2.69410062
1,4.91587114
1,3.03401279
1,4.87908745
1,2.33431911
1,2.62647915
1,2.81925035
1,2.23631811
1,2.61343050
1,4.10641813
1,3.84451127
1,2.99522734
1,3.79368114
1,4.59897757
1,3.86754775
1,2.35339046
1,3.36653471
1,3.13014841
1,3.72719193
1,2.56180453
1,1.32978988
1,3.16155910
1,3.95880079
1,2.42508149
1,3.39892483
1,3.00429416
1,4.05901098
1,3.06169891
1,3.35831881
1,2.86015034
1,3.64516354
1,2.39523411
1,2.86853886
1,2.85613370
1,2.19036388
1,3.47056293
1,2.31365752
1,3.33877969
1,1.93575752
1,2.42993593
1,2.73735428
1,2.67030954
1,2.73835850
1,3.24794555
1,3.14840150
1,2.53514910
1,3.07203722
1,3.22495031
1,3.84258699
1,3.43543172
1,3.28982258
1,2.71912575
1,3.15402484
1,4.13791561
1,3.16792631
1,2.14635849
1,3.86659241
1,3.60309172
1,2.30846786
1,2.91608095
1,2.98116589
1,3.42314315
1,1.99709833
1,3.02498364
1,2.48604703
1,3.41037917
1,1.79781044
1,2.47605610
1,1.92720628
1,2.54890561
1,2.43757772
1,4.01607704
1,1.32979500
1,3.53500533
1,3.77240920
1,3.56313443
1,3.57936049
1,4.02751541
1,2.19674110
1,3.75119305
1,1.62633383
1,3.44321775
1,2.64282990
1,2.23676443
1,2.58216166
1,2.56407332
1,2.43575835
1,2.71143222
1,2.89463925
1,2.45371175
1,2.84590530
1,2.38185692
1,4.41478539
1,2.03475451
1,4.66537285
1,2.17315793
1,2.79763460
1,2.61867547
1,3.75630474
1,2.43288469
1,1.97033560
1,2.99728894
1,4.70792723
1,1.87848175
1,3.38740325
1,2.90859675
1,2.46377373
1,2.70684004
1,2.77127838
1,2.77578449
1,3.83079267
1,1.83050489
1,2.77868605
1,1.68019271
1,2.79257679
1,1.82793093
1,2.55592346
1,3.97308826
1,2.77148819
1,2.37643695
1,2.34548569
1,4.42795134
1,3.13708758
1,2.21022058
1,3.04102230
1,3.23091364
1,2.47078586
1,3.04016972
1,2.92675400
1,4.93774557
1,3.12888217
1,2.24999762
1,2.67926884
1,2.85575104
1,1.27312624
1,3.37799978
1,3.98404956
1,1.78429461
1,2.33472157
1,1.95568061
1,2.82769942
1,2.89020777
1,3.05086589
1,3.67220473
1,2.39435673
1,2.85728598
1,2.65361571
1,3.02582407
1,2.87859344
1,3.87413359
1,4.02386951
1,3.88447738
1,4.55419302
1,2.91380978
1,2.86939240
1,4.63662243
1,3.29145193
1,3.93085647
1,2.67924523
1,2.35371900
1,3.29873109
1,3.56997895
1,2.73510146
1,3.35062742
1,3.45000672
1,2.89299345
1,2.59737682
1,2.37277222
1,2.82080722
1,3.01205444
1,2.70579481
1,3.81714797
1,2.95211148
1,2.87538433
1,4.44368029
1,3.61904788
1,3.99083710
1,3.28305697
1,4.52918243
1,3.40844655
1,2.33754897
1,4.12625408
1,2.74190354
1,3.33816028
1,3.22732043
1,4.08112144
1,3.98065019
1,3.06352758
1,3.25406003
1,2.90177321
1,4.07522058
1,3.86802125
1,3.62265348
1,4.43644857
1,3.69436097
1,2.63815141
1,4.69638586
1,3.06537223
1,3.59989500
1,3.27246356
1,3.01548982
1,3.80788159
1,4.62103081
1,3.54359913
1,3.62345386
1,3.77046299
1,3.26888800
1,3.57717848
1,3.35244060
1,2.50918674
1,2.47646427
1,3.43592215
1,2.03100181
1,5.27440119
1,3.24638629
1,3.33696580
1,4.30778980
1,2.30482388
1,3.16046476
1,2.90748334
1,5.22684908
1,2.21088791
1,3.22906804
1,4.75243473
1,4.48291969
1,2.71586061
1,6.28821898
1,2.25326800
1,3.64022350
1,2.28248501
1,3.14042783
1,3.45350003
1,2.61924839
1,3.03219175
1,3.69969392
1,3.06332159
1,2.19348526
1,1.71325791
1,3.74664402
1,3.76735044
1,4.02700663
1,4.17102051
1,3.07377267
1,5.09262514
1,1.84138727
1,2.13383961
1,4.66267300
1,3.32988644
1,4.66600513
1,2.58093095
1,2.41263676
1,2.24397945
1,3.15379405
1,2.94673204
1,3.45935106
1,3.13712478
1,2.56977034
1,3.03122759
1,4.61263084
1,4.15804863
1,2.91767120
1,2.24526429
1,3.13071728
1,2.94887447
1,3.94477415
1,2.87707424
1,2.85760331
1,3.58183789
1,3.32649374
1,3.57926393
1,2.12009144
1,2.33332491
1,3.55329633
1,2.60006952
1,2.24974298
1,2.30195832
1,3.78106952
1,4.11499357
1,2.71335721
1,3.35447693
1,3.71938658
1,2.32709670
1,2.68037629
1,2.37717986
1,3.42125058
1,3.42317462
1,2.99113536
1,2.89659047
1,3.43752933
1,2.34290862
1,2.69098473
1,2.57867312
1,3.37886810
1,4.08720112
1,2.66957521
1,1.74614561
1,2.39151645
1,3.27831554
1,2.93527293
1,3.89238477
1,3.01562715
1,2.96247506
1,2.43030667
1,2.49562454
1,2.93098664
1,3.67140460
1,2.26233959
1,2.69820356
1,2.57541752
1,1.64409029
1,5.01128292
1,2.70736408
1,3.80535126
1,3.12786484
1,2.69603992
1,3.87408447
1,2.58252859
1,3.49496031
1,3.30322051
1,2.64706135
1,2.17951274
1,2.45753598
1,3.47219753
1,4.34865761
1,3.74410915
1,2.29287243
1,2.46029949
1,2.47247577
1,2.80344796
1,2.69776678
1,2.54609203
1,2.11151123
1,2.55805230
1,3.40271902
1,3.16588116
1,2.89471173
1,3.58564925
1,2.68133450
1,3.34387469
1,2.38920116
1,2.93142295
1,2.73853087
1,2.16144848
1,5.02747345
1,2.81376219
1,2.35964632
1,2.56572890
1,2.58394241
1,2.22971439
1,1.56005645
1,3.44483066
1,3.18849850
1,3.96742511
1,3.02725816
1,3.45323777
1,3.36581612
1,3.90726733
1,2.40573764
1,3.04802608
1,2.94982791
1,2.21637821
1,2.04677415
1,4.07927418
1,3.25579453
1,4.23995209
1,3.20020342
1,2.67868757
1,3.73997378
1,2.21095228
1,2.14549541
1,3.63467693
1,3.89018512
1,2.79763317
1,3.01156712
1,2.54630017
1,3.79092145
1,2.35422993
1,2.72850418
1,4.62431765
1,2.33120084
1,3.25718784
1,1.91730285
1,4.21570444
1,2.35575914
1,2.51512265
1,3.60972095
1,2.78448248
1,2.59901810
1,3.20265102
1,2.88688016
1,3.90566921
1,2.94055843
1,4.49049997
1,4.94800758
1,3.65076280
1,4.18584967
1,3.21821666
1,2.17583251
1,2.44362760
1,4.83694029
1,2.77230930
1,3.83611298
1,2.83781433
1,2.29610538
1,2.84766674
1,2.87377715
1,2.25596333
1,4.09016418
1,3.54608655
1,2.34885740
1,2.99946189
1,2.32264233
1,2.27329659
1,3.77446747
1,2.33945417
1,3.34139895
1,2.58787251
1,2.63055897
1,4.33808661
1,3.29239893
1,3.53747511
1,2.68475771
1,2.69557810
1,3.49190545
1,2.08297157
1,3.24467230
1,2.30430937
1,1.53594112
1,1.64060760
1,2.09618092
1,2.31606841
1,5.09264898
1,3.87075901
1,3.06080842
1,2.57952976
1,2.63549137
1,3.35203719
1,3.47128129
1,2.38169050
1,3.76352262
1,2.99889493
1,3.54139853
1,2.56900024
1,4.60384560
1,3.14915752
1,3.02067304
1,3.44042683
1,3.96529269
1,2.76506567
1,3.90835142
1,3.81573987
1,3.98127365
1,4.78248167
1,1.72241914
1,3.19003463
1,3.75627995
1,3.02058244
1,3.02907825
1,2.39399433
1,2.65874481
1,2.12953901
1,4.31832647
1,2.81399250
1,1.67517769
1,2.34906125
1,3.72331834
1,2.45619130
1,1.67797399
1,1.92085266
1,3.10331059
1,3.47035098
1,3.11608839
1,2.87118316
1,4.63632202
1,2.97769928
1,2.07820106
1,3.26902843
1,3.55181551
1,4.03673124
1,2.22130919
1,3.07034969
1,2.36981678
1,2.90073133
1,3.67455792
1,2.89892006
1,2.71372914
1,1.86784744
1,3.13838315
1,3.43118691
1,2.18062687
1,3.28002405
1,4.11125374
1,3.83443189
1,2.36109757
1,3.61430192
1,2.71955395
1,2.03037858
1,3.87138700
1,3.63712311
1,3.90765977
1,3.27011275
1,2.12209415
1,2.37158918
1,4.34821653
1,1.84392309
1,3.22880197
1,4.22591782
1,2.96832538
1,3.36481571
1,2.52964067
1,3.86632705
1,2.52596331
1,3.86848187
1,1.83616936
1,2.84888554
1,2.39864635
1,3.92469192
1,3.30584168
1,1.87814987
1,3.44065857
1,2.28977942
1,4.33364105
1,2.92217970
1,3.42955899
1,3.17833805
1,3.17375112
1,2.50259328
1,2.21483445
1,4.10208035
1,2.52123260
1,4.49915838
1,2.05727863
1,2.30170178
1,2.69409084
1,1.73868287
1,3.16616607
1,2.48719692
1,3.83082151
1,4.38774061
1,2.89955974
1,1.96708679
1,3.47756672
1,2.35573363
1,3.37891102
1,3.44246268
1,3.21702981
1,1.85349000
1,2.99861479
1,2.79701400
1,2.90404987
1,2.29712105
1,4.32083225
1,2.41477251
1,2.85695457
1,2.05685592
1,3.81445217
1,2.95557737
1,4.14281988
1,3.65553284
1,4.32840919
1,3.72605228
1,2.94299936
1,3.25985360
1,2.18995953
1,2.60024548
1,4.72593117
1,3.56346631
1,2.66360021
1,2.37330723
1,2.52377629
1,1.57639956
1,2.59442520
1,3.77809811
1,3.04498029
1,2.77456403
1,3.26457500
1,1.78099680
1,4.99195051
1,2.33919716
1,3.50703406
1,3.15551710
1,5.75902557
1,3.28876472
1,3.67655182
1,3.05349469
1,2.94478011
1,5.57305288
1,3.83090091
1,2.03372097
1,2.68834758
1,3.15638304
1,3.27554584
1,3.13727236
1,2.53507185
1,2.22639871
1,3.16944313
1,2.50779819
1,3.85718155
1,3.62249088
1,3.01556325
1,2.39017606
1,2.94271398
1,2.76386094
1,2.48663044
1,4.19920063
1,3.74973559
1,2.44198847
1,2.01831722
1,3.20178127
1,4.69265413
1,1.83886206
1,5.47446871
1,2.87888622
1,3.05986524
1,2.64585400
1,3.36212945
1,2.67863727
1,3.01825118
1,3.34245968
1,2.49249864
1,2.38633823
1,2.79922318
1,2.39099669
1,2.71659184
1,3.49379086
1,3.65819883
1,3.88148928
1,2.02948475
1,3.55516338
1,3.52797031
1,4.62019062
1,3.79339814
1,3.28157711
1,2.12685871
1,3.47966886
1,1.83421350
1,2.76879168
1,2.34564734
1,1.75297475
1,2.25260830
1,3.33419275
1,4.50852442
1,2.58799958
1,1.73917317
1,4.46750593
1,2.10906482
1,2.67524338
1,3.68627930
1,3.33731890
1,4.06736565
1,3.25816822
1,3.53936338
1,2.87176561
1,2.49602985
1,2.71496320
1,4.11079454
1,2.89516473
1,2.28715301
1,3.29750252
1,2.85583615
1,3.70334792
1,4.09357452
1,3.44925499
1,4.49629736
1,4.04945564
1,2.86376309
1,3.46172380
1,3.13108277
1,3.59932375
1,2.25268984
1,2.70438957
1,3.47587013
1,3.02937269
1,3.77233243
1,2.23528266
1,2.97858095
1,3.02704716
1,3.70341754
1,2.83165026
1,3.78933883
1,1.78571212
1,3.73792744
1,3.67593050
1,3.62753129
1,3.29936552
1,3.78846788
1,3.12444401
1,2.02482009
1,4.46328974
1,2.39327836
1,3.06548595
1,1.53217340
1,3.15292740
1,1.48864114
1,4.40035248
1,2.61015415
1,3.78499341
1,4.60789490
1,3.15186405
1,2.65412426
1,3.66440701
1,2.24838257
1,3.47618580
1,3.77147460
1,3.32524824
1,2.41536999
1,3.36654234
1,3.78579235
1,3.44944119
1,2.61938691
1,2.94280529
1,2.63675785
1,1.56915450
1,2.53039980
1,2.82074547
1,3.24030089
1,2.05677462
1,3.41619968
1,3.39825034
1,2.28701496
1,2.97309113
1,2.64104247
1,2.47315478
1,3.08523440
1,3.50231290
1,2.39556193
1,2.71894360
1,3.08717251
1,3.37817764
1,3.39649320
1,2.39905095
1,2.76292467
1,3.78770661
1,2.73742557
1,2.62352276
1,3.10645199
1,2.53634930
1,2.42421055
1,4.30315685
1,3.77348804
1,2.15803719
1,3.32878900
1,2.34769726
1,1.74495542
1,3.16762686
1,2.85384870
1,2.32731557
1,2.09246635
1,1.93265390
1,3.34641004
1,3.69090438
1,2.81943226
1,4.63311672
1,3.75797176
1,3.26208949
1,3.33622360
1,2.84040117
1,2.61924863
1,2.58375287
1,2.16393781
1,2.79189420
1,3.19956231
1,2.92268157
1,2.49798989
1,2.91591525
1,2.52993131
1,4.47961617
1,3.11160254
1,2.16294360
1,4.88019133
1,3.44888353
1,2.83528566
1,4.55924654
1,2.88920593
1,3.95109224
1,3.01198983
1,3.19886184
1,3.12674999
1,2.79146576
1,3.26550269
1,2.49081969
1,3.77446485
1,1.57305694
1,2.79399610
1,2.93052602
1,2.49374008
1,3.65727329
1,2.94518256
1,3.48183537
1,2.65590787
1,2.34039092
1,2.91329288
1,4.10309362
1,2.82367659
1,2.05232477
1,2.81191301
1,2.38194442
1,2.10166073
1,3.90600419
1,3.54552031
1,2.42072010
1,3.08226132
1,3.55536938
1,3.59253192
1,1.87414908
1,4.37927341
1,2.96693707
1,2.62734652
1,3.70886326
1,1.70753753
1,2.52968240
1,2.47727609
1,3.48800898
1,3.45971823
1,1.87299562
1,3.78180957
1,2.31151843
1,2.28567553
1,2.80995250
1,2.07297301
1,3.16891789
1,2.97392297
1,2.57315898
1,3.41817808
1,2.71715093
1,1.48572373
1,2.32899356
1,2.68526244
1,2.12872767
1,3.77596784
1,2.38882828
1,2.85078382
1,3.54477739
1,3.77573395
1,3.86575866
1,2.85145855
1,2.86049366
1,2.65402508
1,2.73060989
1,1.15665948
1,2.60259175
1,3.45253658
1,2.50124645
1,3.21149826
1,2.12567687
1,3.52586603
1,3.04454708
1,2.55271649
1,3.00576830
1,4.35222769
1,3.25823689
1,3.34329128
1,2.56151700
1,1.46878684
1,2.05148315
1,3.07448149
1,3.12898517
1,1.12177849
1,3.12300968
1,3.22866488
1,3.77150083
1,3.14175463
1,3.32994437
1,2.30825377
1,2.77612400
1,2.50781918
1,2.16320467
1,2.87101865
1,3.63831067
1,3.93140960
1,2.29760909
1,1.12438345
1,3.16550517
1,2.98477674
1,2.98746610
1,2.88190031
1,3.34705138
1,2.20284104
1,3.31726551
1,4.52211189
1,2.82334590
1,2.72159934
1,2.86706161
1,3.83880782
1,3.15422058
1,2.97148132
1,2.93011260
1,3.39308572
1,3.37576795
1,4.36901522
1,2.56532407
1,3.26300120
1,3.08432055
1,3.51371694
1,5.04209328
1,3.41450000
1,3.76252532
1,3.20180726
1,2.14788532
1,3.19357824
1,3.91251850
1,3.19277954
1,3.03287339
1,5.24121523
1,2.57105589
1,2.25952625
1,3.78815556
1,2.72630858
1,2.51473737
1,5.42758083
1,2.53474927
1,2.27892017
1,2.70556545
1,3.67546082
1,3.58471203
1,3.65760899
1,3.01969528
1,4.54635429
1,5.15047979
1,4.25267124
1,3.32620406
1,4.87052155
1,2.04051757
1,3.82644987
1,3.93797469
1,2.53970695
1,3.65397263
1,1.74968672
1,4.66966105
1,3.83048511
1,2.62193990
1,3.25233555
1,3.24358249
1,1.93742776
1,1.73828447
1,3.45947170
1,2.56967759
1,2.57016516
1,4.84803581
1,4.26856184
1,4.63570166
1,2.76766562
1,3.14067650
1,3.23272324
1,3.04663873
1,2.11186862
1,2.79442501
1,2.70148396
1,1.73833108
1,1.90560448
1,3.82713056
1,4.38867331
1,2.18318081
1,3.55046606
1,3.92659330
1,2.91556501
1,4.03370857
1,3.15326786
1,3.62150574
1,2.57556415
1,3.96690702
1,2.56008768
1,3.05919814
1,3.02795744
1,2.81169796
1,2.14251995
1,2.33506870
1,2.75806713
1,2.44451642
1,3.12019777
1,4.28779697
1,3.62689304
1,2.13545299
1,2.81579494
1,3.32405686
1,3.32446337
1,2.08944702
1,2.97351193
1,2.75475025
1,2.86982965
1,3.65243626
1,2.39846134
1,2.96531773
1,2.42796922
1,3.37200642
1,2.25937152
1,3.72143722
1,3.95353270
1,2.21370983
1,2.65149117
1,2.65633607
1,3.28998613
1,3.83068180
1,4.15226936
1,3.06748295
1,3.18512845
1,4.40455437
1,3.56577396
1,1.84713030
1,2.93803358
1,2.73021054
1,3.66504073
1,3.07316375
1,3.31165481
1,2.78414631
1,3.53338742
1,1.37408781
1,5.54419041
1,3.58660030
1,2.67773080
1,1.84119248
1,2.65192962
1,3.91116500
1,2.07002425
1,4.02091789
1,2.98984146
1,2.25885296
1,2.87749696
1,3.19586062
1,3.35868025
1,4.32918978
1,2.06787968
1,1.60232377
1,1.87127352
1,3.12959886
1,2.26588941
1,3.57015729
1,3.47344756
1,4.38742399
1,3.85395980
1,3.24581194
1,2.44122863
1,3.90095305
1,2.48911834
1,2.37403393
1,2.35045671
1,3.53264499
1,3.88113070
1,1.77071714
1,3.71420789
1,4.40310192
1,3.81060076
1,2.99897075
1,3.09119272
1,2.85634828
1,3.29538655
1,3.54419994
1,3.21635413
1,2.79272366
1,2.78966618
1,3.92560911
1,3.90380359
1,3.13857126
1,2.01845527
1,3.07087469
1,3.24565029
1,2.38915801
1,2.53555512
1,2.05948734
1,2.31681633
1,3.39892530
1,2.09636903
1,2.92956591
1,2.13506746
1,4.09126091
1,2.47450995
1,2.81009221
1,2.98653960
1,3.97692370
1,1.65916502
1,3.65308547
1,3.11656475
1,3.18948674
1,2.56411481
1,2.04278731
1,3.09384036
1,1.77680099
1,2.49552727
1,2.55614924
1,2.67670512
1,2.69997191
1,4.32352018
1,2.39963460
1,2.78499174
1,3.38049531
1,3.07899690
1,1.99323678
1,2.39897680
1,2.70887828
1,3.65172482
1,2.76454639
1,2.72483921
1,3.39176607
1,3.91442823
1,4.34544086
1,1.93067086
1,2.83791304
1,3.04750824
1,3.44023323
1,2.95522738
1,2.98808670
1,3.98890519
1,2.07177854
1,2.85613561
1,3.04243207
1,2.76921439
1,2.56411839
1,2.55448818
1,3.05479479
1,3.75801349
1,3.62329960
1,2.24893236
1,3.08735561
1,3.53882551
1,2.80558515
1,3.14350939
1,2.63131881
1,3.64795184
1,2.11185741
1,4.14852142
1,3.29696751
1,3.31068277
1,3.22602415
1,3.32080984
1,2.69183254
1,3.41041684
1,3.17089009
1,4.32726097
1,4.13026094
1,3.28700113
1,3.21631956
1,3.77336621
1,4.22776890
1,3.56342483
1,3.47425342
1,4.15182018
1,4.20493078
1,1.54006910
1,3.30879354
1,2.52670193
1,3.13186598
1,4.19328117
1,3.40250468
1,3.07776356
1,1.69250631
1,3.42379427
1,3.57269669
1,2.92605972
1,4.94847202
1,4.02727413
1,1.63104856
1,2.10709977
1,2.91608262
1,3.77310944
1,4.69982719
1,3.13069463
1,1.69153893
1,3.78047061
1,3.68532133
1,3.35771513
1,4.45326471
1,2.59582114
1,2.49950910
1,2.33030534
1,3.71071458
1,1.86817825
1,2.71370029
1,3.49196434
1,2.39449739
1,3.13802123
1,1.80946684
1,2.61749244
1,3.28661633
1,3.16017437
1,4.22136927
1,4.04802895
1,4.94330788
1,4.23682594
1,2.75901890
1,2.13887405
1,4.16381311
1,3.33877873
1,3.73051882
1,3.08702540
1,2.72709394
1,2.89040494
1,4.04515266
1,3.09162474
1,2.26433420
1,1.97201753
1,4.07811165
1,3.84793758
1,2.15156460
1,1.78897500
1,3.00946498
1,2.22610950
1,3.86958218
1,3.61191058
1,2.70775723
1,2.73085618
1,3.31548142
1,3.16034722
1,2.57818985
1,3.32299519
1,4.96646786
1,3.62802887
1,2.13608670
1,3.57175159
1,2.63592815
1,3.04888844
1,2.70685530
1,3.89191556
1,3.51291442
1,3.92874241
1,4.33663654
1,3.48882413
1,2.26033306
1,2.50893807
1,3.32207608
1,3.11382771
1,2.26545477
1,2.17515850
1,3.35279560
1,2.18042850
1,2.79922152
1,1.87958860
1,2.68690419
1,3.76800156
1,1.56983364
1,2.99338746
1,2.46326494
1,2.51404452
1,3.05082154
1,4.94513607
1,3.02228451
1,1.52316940
1,2.98666310
1,4.08827257
1,2.96058798
1,1.69990051
1,3.65426135
1,3.52117801
1,3.65415096
1,3.61013961
1,3.63245058
1,3.19312072
1,3.67712307
1,3.02018642
1,2.83979869
1,3.05736494
1,3.90499878
1,2.76232791
1,4.46967888
1,3.22906590
1,1.90406632
1,3.19686556
1,3.33177781
1,2.40330625
1,3.08992791
1,2.39167476
1,2.75064540
1,3.08244443
1,3.22201037
1,4.13947105
1,3.45093155
1,3.72525144
1,2.48625278
1,3.58814502
1,4.10960150
1,2.52308178
1,1.80365241
1,3.98434544
1,3.27118802
1,3.76602292
1,2.95364237
1,3.07215905
1,2.70535612
1,2.94927478
1,2.96721458
1,3.64189148
1,3.42472744
1,1.83352280
1,1.66336715
1,3.98321438
1,2.40112019
1,2.88546109
1,1.96961188
1,3.34408307
1,3.81752133
1,2.47267914
1,1.90979934
1,1.38358486
1,3.02524781
1,1.04999602
1,3.06071377
1,3.84041929
1,1.17829764
1,2.63470697
1,3.22144699
1,3.11843038
1,3.42088866
1,3.73700452
1,2.31600285
1,3.04968262
1,3.22194958
1,2.68635893
1,2.63987994
1,3.15342331
1,3.06694913
1,2.76917839
1,3.34041166
1,3.64536381
1,2.10193276
1,3.02783155
1,3.80136538
1,2.54241896
1,2.30239105
1,3.57997894
1,2.14521003
1,3.21781540
1,2.68243313
1,2.17053127
1,2.88294268
1,4.02859879
1,3.51288176
1,2.88322544
1,3.43229032
1,3.85137224
1,3.49428844
1,3.38810062
1,2.08747220
1,2.67313862
1,2.12461996
1,1.49745560
1,1.82955039
1,3.59353757
1,2.31052351
1,4.20456886
1,3.56534457
1,3.84023118
1,3.19178867
1,2.40003657
1,3.45467234
1,4.88215399
1,2.64290261
1,2.03782749
1,3.82799864
1,3.50875640
1,3.00501895
1,3.37222862
1,2.12293243
1,2.42450547
1,1.90290129
1,3.23358250
1,2.83611512
1,3.04431272
1,2.65609813
1,2.19408774
1,2.35499191
1,3.30262232
1,4.06330347
1,2.36655378
1,3.22327614
1,3.66938233
1,4.28726292
1,2.06991196
1,2.59882259
1,3.45199323
1,2.38141370
1,2.73387074
1,2.27612090
1,4.10522509
1,3.15911198
1,2.46679831
1,3.72230864
1,3.18987679
1,2.37473965
1,2.62274623
1,2.33529353
1,3.45742846
1,3.00987029
1,2.44308043
1,2.71657896
1,2.70461369
1,2.73569489
1,2.51891494
1,3.30806732
1,4.04568815
1,2.01139164
1,2.57682085
1,1.90132248
1,3.02733135
1,2.73451614
1,3.02079892
1,2.83490157
1,4.48231173
1,3.99068618
1,2.90855360
1,3.64337420
1,3.37550378
1,3.74305987
1,2.81500340
1,3.43478394
1,1.78586030
1,3.29961896
1,2.71796036
1,1.72412765
1,2.49692059
1,2.82803392
1,3.44364500
1,3.64434052
1,3.13193226
1,3.22018266
1,2.44478178
1,3.10265827
1,2.37240505
1,4.34703922
1,2.61359525
1,3.18800592
1,2.05807805
1,2.98182464
1,2.63096833
1,3.81724977
1,2.97442150
1,2.50499821
1,2.83573627
1,4.46264315
1,3.55902863
1,4.12058735
1,3.31856704
1,2.89037228
1,4.17315340
1,2.66082716
1,1.77999330
1,3.24718547
1,1.19518578
1,2.46925807
1,3.51865530
1,2.27689242
1,1.94787264
1,3.51328540
1,3.79267597
1,2.14444709
1,2.07650065
1,3.25883865
1,2.95032620
1,2.14356637
1,2.89332628
1,1.32965422
1,3.96475005
1,2.87080669
1,3.17794132
1,2.80169678
1,1.43796241
1,4.29110670
1,2.59867263
1,2.66439915
1,1.67706299
1,2.95703983
1,2.95180202
1,3.49260211
1,4.31141901
1,2.84980464
1,3.84087706
1,2.26234102
1,2.29993916
1,1.79710221
1,4.29822016
1,2.71513867
1,3.93084550
1,3.95304370
1,3.12004805
1,2.56618953
1,2.50729847
1,4.68550968
1,3.31263375
1,2.92912245
1,3.35064983
1,2.73642993
1,1.97601378
1,2.64673567
1,2.54092121
1,2.98270392
1,2.53624725
1,2.76679635
1,3.52517247
1,3.12656665
1,2.34945393
1,3.27357984
1,4.27310658
1,2.92632675
1,1.70879281
1,2.41794872
1,2.03651667
1,4.07865477
1,3.24024916
1,2.43907833
1,2.14505100
1,3.38968110
1,2.94649243
1,2.78944159
1,3.20983124
1,3.36182189
1,3.03549957
1,2.47746110
1,2.22230744
1,3.00010467
1,3.34682441
1,3.69662738
1,4.17203236
1,1.54604280
1,3.45968270
1,3.45303297
1,1.98968887
1,1.91214967
1,3.97807407
1,3.36991668
1,2.60346580
1,3.40107250
1,3.16108704
1,3.41778469
1,2.75555134
1,3.90755296
1,3.77979827
1,1.91945517
1,3.65013599
1,4.07673883
1,2.78252745
1,3.57842469
1,4.15211725
1,2.81921005
1,3.69431472
1,1.51958632
1,3.83026886
1,2.49732733
1,4.79121399
1,2.33806872
1,2.24616671
1,3.33992267
1,3.13166928
1,1.96504354
1,3.19805622
1,3.50020480
1,2.97648215
1,2.74089074
1,2.99644303
1,4.08398533
1,3.29848957
1,2.01401806
1,2.01577878
1,2.83329225
1,2.86024952
1,3.31459141
1,3.53506184
1,2.40390778
1,2.61073637
1,3.68434811
1,2.24867129
1,3.42152119
1,2.48392868
1,2.66146374
1,3.34253979
1,2.64539051
1,3.39469862
1,3.44284916
1,3.94404221
1,3.94653058
1,3.18789768
1,3.21955204
1,3.10712695
1,2.19648051
1,2.05851269
1,2.31373596
1,4.43037462
1,2.67529631
1,2.70448780
1,2.69525337
1,4.41665316
1,2.89922333
1,3.06237030
1,3.37947893
1,2.84229589
1,2.89788222
1,4.10848713
1,1.83078980
1,4.60497046
1,2.71434617
1,3.49541187
1,2.94868684
1,3.19516015
1,4.24607372
1,4.09591007
1,3.21945190
1,3.89006257
1,2.94724441
1,3.06034565
1,2.41335869
1,3.99727583
1,3.22562337
1,4.58895779
1,1.84175515
1,2.09176397
1,2.26182222
1,1.70306289
1,3.28941655
1,1.92111039
1,3.87140751
1,2.58673906
1,4.03543425
1,2.74224782
1,3.61205721
1,2.59842706
1,3.41628981
1,4.05321121
1,2.21323919
1,3.25817180
1,2.12106633
1,3.20602417
1,3.78444958
1,1.49671531
1,5.34523439
1,4.28429747
1,1.69885778
1,3.11175466
1,3.44843364
1,4.11921310
1,2.48329663
1,3.78055620
1,3.05464888
1,3.99283004
1,3.57803011
1,3.41918039
1,2.60266113
1,2.39018846
1,2.73717403
1,2.86558056
1,2.27140045
1,3.01249599
1,2.02825928
1,4.11245823
1,3.84319639
1,3.99107027
1,3.51182485
1,1.57613313
1,4.31983852
1,2.70667529
1,3.43819642
1,1.83952081
1,4.27252340
1,2.05806255
1,2.48279595
1,2.00071979
1,3.00616932
1,2.22961712
1,4.27827644
1,2.48331738
1,3.65465760
1,2.16772294
1,2.31222081
1,3.27972150
1,2.92321491
1,3.28194261
1,2.63688493
1,4.31310844
1,3.46117902
1,3.50097370
1,2.85899448
1,4.46238375
1,2.94069195
1,3.36634707
1,3.16104150
1,2.97623062
1,3.51505947
1,3.27986622
1,2.00471163
1,3.44924951
1,3.06915069
1,1.17878139
1,2.95922351
1,2.53847671
1,3.13275766
1,4.11875248
1,2.92827702
1,2.99936318
1,1.90095091
1,2.54278994
1,2.35783696
1,2.37965226
1,3.25873661
1,2.71829724
1,4.72441101
1,3.21608782
1,3.02774096
1,3.44283009
1,3.40016699
1,2.51327014
1,3.21923089
1,2.16765451
1,3.44404984
1,3.62615705
1,2.23842812
1,2.59994364
1,2.57939410
1,2.46731257
1,2.89584661
1,2.74954605
1,2.50143838
1,2.28509188
1,2.87569904
1,3.54058003
1,3.55139971
1,4.67590094
1,2.94690681
1,2.40894413
1,4.02154255
1,2.63316560
1,3.20387816
1,3.10068369
1,3.23701715
1,2.66717649
1,2.99804640
1,2.42966914
1,2.99447608
1,3.26829052
1,2.46866441
1,3.51800776
1,3.54465008
1,3.62619114
1,1.41692686
1,2.51540589
1,3.35208201
1,2.53066230
1,2.66555524
1,2.21563053
1,3.99222088
1,2.39340043
1,3.37174201
1,2.83966112
1,4.06615686
1,4.42103338
1,3.45074415
1,3.33234835
1,3.21635818
1,5.23315716
1,2.87306738
1,3.27665401
1,2.68339801
1,3.38061500
1,3.17067170
1,3.44285655
1,4.28915977
1,2.98854303
1,4.29601479
1,2.47885728
1,3.64279461
1,1.45576501
1,3.16682887
1,4.06433678
1,3.14208770
1,3.15757871
1,4.72791958
1,2.92024136
1,5.37717915
1,3.83358431
1,2.67748141
1,2.85883164
1,2.85231781
1,3.03726101
1,4.34020567
1,3.07768607
1,2.59198070
1,3.72630596
1,3.13907456
1,2.25486827
1,2.94953108
1,4.22794914
1,2.08440876
1,3.72766614
1,3.29256082
1,2.63997173
1,3.61409855
1,2.08294010
1,4.03474379
1,4.64838982
1,2.71912336
1,3.38662720
1,3.90162396
1,2.44692397
1,1.90704775
1,3.90096617
1,2.38492751
1,3.24907684
1,3.50831985
1,3.35103869
1,3.11636448
1,3.90848541
1,2.63922763
1,2.82338715
1,4.66913080
1,3.75003433
1,2.80623531
1,1.72332084
1,3.48732567
1,3.28600979
1,2.98173404
1,3.38906503
1,4.60247135
1,2.93273830
1,4.32229853
1,3.73648071
1,3.52723408
1,5.20614243
1,4.17639828
1,4.13492823
1,4.84742689
1,3.06980395
1,2.10384846
1,2.32968903
1,2.03758669
1,2.56357694
1,2.46266842
1,3.47495222
1,2.37045741
1,2.70134640
1,2.81968260
1,4.14672613
1,3.53301954
1,2.88456821
1,3.11375141
1,2.41365838
1,2.55681157
1,2.93902707
1,3.05396771
1,2.91089511
1,2.99897981
1,3.41733050
1,2.72762585
1,2.56185436
1,3.93269134
1,4.15451241
1,2.22658896
1,2.39609289
1,2.15609956
1,2.66932011
1,2.00916362
1,4.63917208
1,3.00189161
1,3.57503557
1,2.69639659
1,2.66582775
1,4.19806337
1,2.44328213
1,4.58061409
1,4.22365093
1,2.23288560
1,4.63193417
1,2.95033383
1,3.67634296
1,3.21283174
1,3.66777802
1,2.47984004
1,1.69502366
1,2.95968795
1,3.57753849
1,4.65511990
1,4.32142067
1,2.90252066
1,3.87288165
1,2.90936589
1,1.93397439
1,2.89869213
1,2.82793379
1,2.64559722
1,3.67266560
1,2.88162327
1,2.84275222
1,3.28279400
1,2.13644147
1,3.14039588
1,3.26061916
1,3.50349903
1,4.53075695
1,2.71849656
1,2.67029619
1,3.19428849
1,2.17494845
1,3.61697507
1,1.43997049
1,2.51871037
1,2.64751983
1,2.43054700
1,3.78647351
1,3.44735217
1,1.92538810
1,3.67233181
1,3.73150134
1,3.58527970
1,3.35078478
1,3.12567806
1,2.40043068
1,4.00896454
1,2.43132567
1,3.66265106
1,3.38374233
1,3.26451206
1,2.84830952
1,2.65407109
1,4.00097132
1,1.95177734
1,3.40369296
1,1.67150080
1,2.73029757
1,3.01385212
1,2.87479019
1,3.26065564
1,4.10230350
1,2.09591508
1,2.74495220
1,2.44299173
1,4.01671791
1,1.61066055
1,3.03106952
1,2.31924510
1,3.76767898
1,2.58582044
1,3.31688809
1,3.08504462
1,4.00617409
1,2.44309139
1,3.13106203
1,1.87374067
1,3.07117724
1,3.98963332
1,2.53388286
1,2.82020140
1,4.23630810
1,3.20340157
1,2.75594139
1,2.39740634
1,3.36598849
1,3.48390460
1,3.23851323
1,3.56775570
1,2.80187130
1,2.08027816
1,3.28442311
1,3.46112657
1,4.07571936
1,2.53961396
1,3.93282223
1,2.42598224
1,2.72563171
1,3.40606308
1,2.45819855
1,2.13027668
1,3.12126493
1,3.34577942
1,1.92009354
1,3.65521502
1,4.79864502
1,2.62777400
1,3.37540841
1,3.84732151
1,2.30462193
1,3.15308404
1,3.30744433
1,2.89256072
1,1.89774489
1,1.95275712
1,2.18556261
1,2.66149998
1,3.28641987
1,3.43981910
1,3.15428591
1,3.17063785
1,1.48727369
1,2.65642929
1,2.56728268
1,2.66978741
1,2.54674244
1,2.92346668
1,3.05649233
1,1.86253440
1,3.39043641
1,4.20033169
1,2.49966860
1,2.01679230
1,4.05903435
1,2.76191449
1,3.04420376
1,3.41670513
1,3.37586498
1,3.06973863
1,3.12629056
1,2.74058962
1,2.97235060
1,3.15252209
1,3.86346221
1,2.67543888
1,2.31908798
1,2.75143719
1,3.93856525
1,4.00992298
1,1.66999578
1,2.96509075
1,3.51694202
1,3.40899658
1,3.18817806
1,3.27291322
1,3.07266879
1,4.07394600
1,4.07159996
1,2.69774199
1,2.58725142
1,2.17913365
1,3.62569165
1,3.01912260
1,3.43348789
1,2.85051417
1,2.44009948
1,2.04107404
1,1.17203987
1,3.47674942
1,2.63510942
1,3.27670765
1,3.03880095
1,2.51009345
1,4.64823055
1,1.31034529
1,3.22466397
1,2.54145145
1,2.90192151
1,3.94288969
1,4.49949551
1,2.35918951
1,3.20350933
1,2.58119082
1,3.29348969
1,3.01898217
1,1.89830017
1,3.87427473
1,2.25936627
1,3.54093504
1,3.37443042
1,3.63279247
1,4.42150354
1,2.67875338
1,3.00093436
1,3.51119566
1,2.41898012
1,1.34184849
1,2.71806240
1,2.97907805
1,2.11682415
1,2.91303420
1,4.37471437
1,1.87429070
1,2.31561875
1,2.28200960
1,2.87275839
1,3.23240566
1,1.63902581
1,4.56634521
1,3.18220353
1,2.85789967
1,2.76335955
1,3.08114910
1,3.02798915
1,3.29725146
1,2.68146038
1,2.49911761
1,3.80473161
1,2.23902726
1,2.62685061
1,2.81914043
1,2.30112672
1,4.08977556
1,3.89625549
1,2.48484516
1,1.86439943
1,2.36994672
1,2.17493582
1,1.78815293
1,3.14567089
1,2.03332400
1,3.33618760
1,2.09855103
1,3.06227636
1,2.90648603
1,3.28790903
1,3.04406095
1,1.61681736
1,3.11791825
1,2.21922183
1,4.41924858
1,5.00183344
1,2.37506771
1,4.54474306
1,2.96487832
1,2.58250237
1,1.77623534
1,2.13404560
1,3.05022407
1,1.75742710
1,2.65660119
1,2.37835741
1,3.24525023
1,3.59042263
1,2.37379479
1,2.73858929
1,2.11363316
1,3.35689712
1,2.11228466
1,4.05971336
1,2.56590223
1,2.07673120
1,3.52373242
1,1.78090429
1,3.38900208
1,3.19719601
1,2.57703996
1,2.52177429
1,2.83185315
1,2.61121106
1,3.22731304
1,2.99600649
1,3.92473650
1,3.01305437
1,1.18575037
1,2.84380627
1,3.58399844
1,2.48484421
1,2.11812282
1,2.67384887
1,3.05719757
1,4.25031471
1,3.76499677
1,2.69834232
1,3.36983967
1,2.72252774
1,3.97691250
1,2.24915028
1,1.62912238
1,3.59189105
1,3.04697633
1,3.36049700
1,1.86491477
1,1.24473238
1,2.75571609
1,3.84763813
1,2.28291607
1,3.48619795
1,2.06862020
1,2.38637805
1,2.42908525
1,2.43737578
1,2.83963346
1,3.84489560
1,2.57962298
1,2.04196596
1,3.85448289
1,3.47647572
1,3.16502166
1,3.43992829
1,2.87922883
1,3.18757629
1,3.30802059
1,2.57610869
1,3.20528507
1,3.16237712
1,2.70188618
1,2.47238469
1,3.34488249
1,3.22843766
1,2.13766360
1,2.97328877
1,2.37525415
1,2.57079268
1,3.12365246
1,3.89050460
1,3.69075656
1,2.79679918
1,2.91582465
1,4.01637125
1,2.42548275
1,2.79702640
1,3.99661374
1,2.71604538
1,1.53854322
1,3.14023757
1,2.42219210
1,2.98553777
1,3.47580647
1,2.80019569
1,1.75860381
1,3.16706204
1,3.11413074
1,3.19038343
1,3.13936067
1,2.94693851
1,2.28728938
1,2.33164859
1,2.57571959
1,4.21872616
1,2.25435853
1,2.46797681
1,2.94559383
1,1.95696473
1,5.14978552
1,4.35712004
1,2.31971240
1,2.53733230
1,2.56323338
1,2.02364564
1,2.55636334
1,3.99847364
1,1.97865975
1,1.57530642
1,3.19599438
1,2.60740972
1,2.28129959
1,3.38846374
1,2.03652906
1,2.97138977
1,3.22440815
1,2.23421478
1,3.19059849
1,2.84673572
1,2.96446395
1,2.97837615
1,4.38831139
1,2.17906022
1,2.33962536
1,3.60002804
1,2.59826756
1,3.45058346
1,3.58845472
1,2.97365189
1,3.19461918
1,1.80083466
1,2.27224612
1,3.06131458
1,4.10340118
1,3.11987209
1,2.34594631
1,4.79390574
1,2.50899553
1,2.79637194
1,3.24223042
1,2.42510676
1,2.57025790
1,2.90632749
1,4.33839226
1,3.21973729
1,4.11205482
1,2.70752430
1,2.58982849
1,1.51280844
1,2.54149628
1,1.65087748
1,4.05222702
1,3.76792574
1,3.18441200
1,2.47860336
1,2.69502783
1,3.04247284
1,3.96769285
1,4.09155607
1,2.39243579
1,2.65759492
1,2.54228544
1,2.33389807
1,2.15843296
1,3.18446636
1,2.92710495
1,3.23095536
1,2.16530132
1,3.77511382
1,3.47051477
1,2.40772963
1,2.13081241
1,4.64015770
1,2.37024260
1,2.26331210
1,3.83029604
1,3.40681148
1,4.46916389
1,2.35856676
1,2.37475300
1,3.22188473
1,1.04281342
1,2.33228374
1,2.28184152
1,1.61934543
1,2.36663246
1,4.30514717
1,3.51408434
1,2.81573009
1,4.39184904
1,2.05404377
1,2.94815350
1,1.70829701
1,2.51036334
1,2.10189939
1,2.82507324
1,2.35477543
1,2.24606514
1,1.70467508
1,4.14033127
1,1.97309327
1,4.06233406
1,3.17500997
1,3.09587789
1,2.52770352
1,2.78271317
1,1.94082475
1,3.32278275
1,3.78442979
1,3.38772631
1,1.79128182
1,1.65811050
1,3.00539923
1,3.65361571
1,2.40156174
1,3.17643046
1,3.59415865
1,3.01794195
1,2.76681209
1,1.94498360
1,3.22791243
1,2.66924667
1,3.94580293
1,3.21301961
1,3.14458823
1,1.89810514
1,2.03783917
1,4.50299692
1,2.75660849
1,3.33370590
1,2.16021228
1,2.49936104
1,2.22353745
1,3.44525695
1,3.21257496
1,2.33637714
1,1.55436730
1,3.32990003
1,2.76441026
1,2.44218421
1,2.61097836
1,2.22655582
1,2.70986772
1,2.35303593
1,2.61645484
1,2.89891529
1,3.13327694
1,4.11178780
1,3.87383008
1,3.75559235
1,2.12356472
1,1.68342972
1,2.52595472
1,3.18080616
1,2.85314274
1,3.29632688
1,3.72821307
1,3.16274738
1,3.93417454
1,2.63832021
1,3.84122682
1,2.91027498
1,2.94981933
1,2.25170970
1,2.56555343
1,2.65822482
1,2.74818349
1,3.15131426
1,1.66498959
1,3.39107108
1,3.20225382
1,3.61367154
1,2.64902878
1,4.13315773
1,5.54954958
1,2.14782715
1,2.64562893
1,3.77581358
1,2.21479130
1,2.94492292
1,3.63294506
1,2.97196674
1,2.76750326
1,3.22425675
1,2.15413523
1,2.31896067
1,2.11864734
1,2.69049358
1,4.09697485
1,3.78115678
1,1.55089998
1,3.57560301
1,2.25663853
1,3.10876560
1,1.99450934
1,2.70014381
1,2.59875274
1,5.21797037
1,2.24247670
1,2.41873431
1,2.35091329
1,2.72199106
1,2.69927049
1,3.07897806
1,3.16995215
1,2.81970978
1,2.17537689
1,2.95584273
1,3.16741538
1,2.74382687
1,2.99959469
1,2.77737474
1,3.69725299
1,2.61563277
1,2.02684093
1,2.84299493
1,2.29767919
1,2.07388306
1,3.66151857
1,2.53929734
1,3.66284728
1,1.89925516
1,2.13724637
1,1.95313811
1,3.55659389
1,2.07265592
1,2.41758823
1,3.50416279
1,1.94789445
1,2.49112868
1,2.42151976
1,2.05636930
1,5.39954376
1,3.06710720
1,2.38767719
1,2.68523383
1,3.33679152
1,2.96620440
1,3.47838259
1,2.76556420
1,2.83838654
1,3.82377458
1,3.33629966
1,2.70692825
1,3.39456654
1,2.60386276
1,1.76224649
1,2.60011625
1,2.28676200
1,3.40066314
1,2.76903057
1,2.72606039
1,1.80994689
1,3.18035626
1,2.86796355
1,2.57229447
1,3.03575587
1,3.01980090
1,4.02267265
1,2.29441953
1,2.39682913
1,3.15289688
1,2.38017893
1,4.16192532
1,2.41895628
1,2.14656806
1,2.71454740
1,3.83235002
1,2.26409388
1,2.58458042
1,1.54952526
1,1.64762855
1,2.67603898
1,2.80033207
1,2.45666552
1,3.19185305
1,4.07212019
1,3.68134403
1,2.89701319
1,1.95706916
1,2.26500297
1,2.66462779
1,2.00674701
1,2.34125900
1,2.95839572
1,3.32731915
1,3.33785224
1,2.87793517
1,3.61659741
1,2.62653613
1,3.22221422
1,2.48100567
1,2.54018664
1,3.39198780
1,2.68674469
1,2.12363720
1,2.20641541
1,3.08079314
1,1.78358352
1,3.30085135
1,2.01687741
1,2.40443540
1,3.86162734
1,2.28935909
1,2.20646739
1,3.03711963
1,2.64976215
1,2.80812836
1,2.58052492
1,1.38925445
1,2.72833681
1,2.51872087
1,3.18156981
1,4.02909613
1,2.54780960
1,2.63541746
1,2.25208282
1,2.31176543
1,3.84888029
1,3.20151019
1,1.24398124
1,1.95831430
1,1.56874478
1,3.04236102
1,2.31565261
1,2.78088808
1,3.39156461
1,3.36706328
1,2.63849783
1,3.69360900
1,2.35743451
1,3.97494841
1,3.12776780
1,2.37318969
1,2.34157753
1,3.14706397
1,2.92434978
1,1.93541384
1,2.21902966
1,2.11566448
1,2.81450653
1,2.19283772
1,2.36334872
1,3.21601963
1,2.57038927
1,2.39278388
1,3.34274435
1,2.51380658
1,2.26924610
1,2.33197451
1,2.67805839
1,2.38414550
1,1.84912443
1,2.28816819
1,3.43103313
1,3.47105193
1,2.47077227
1,1.52112794
1,3.04571438
1,2.72751951
1,3.20259905
1,2.62447739
1,2.46185184
1,1.88221169
1,2.17459202
1,2.16864944
1,1.33694386
1,3.69614911
1,3.27705145
1,3.35514569
1,1.39810753
1,2.57721376
1,3.32020330
1,3.01848960
1,2.62587571
1,2.41309357
1,2.30702853
1,2.87257862
1,1.96867371
1,3.04958892
1,1.86806571
1,2.50335097
1,1.48764145
1,2.24687767
1,2.93183827
1,2.46717358
1,3.24657679
1,2.59815192
1,3.11486340
1,3.32531548
1,2.44206452
1,3.69777012
1,3.37903929
1,3.34452701
1,3.18638110
1,4.34656525
1,3.93469906
1,4.29584026
1,2.64106727
1,3.38528919
1,3.91533017
1,3.06089449
1,4.22713709
1,3.03493404
1,3.49739432
1,3.09362268
1,3.87383866
1,3.60087681
1,2.24843836
1,2.20919180
1,3.76285934
1,3.87189364
1,4.57066917
1,4.15014458
1,2.36180758
1,3.28129411
1,2.32290053
1,2.31511211
1,2.86839271
1,2.06480169
1,2.60670257
1,2.41483474
1,3.51180315
1,1.88735521
1,2.40717936
1,2.42090273
1,3.39273024
1,2.78228760
1,2.06004262
1,3.24957442
1,1.60246432
1,3.09602976
1,2.53287601
1,2.35577488
1,2.39773464
1,2.21007633
1,2.86127949
1,3.22666335
1,2.62425780
1,3.33197951
1,2.03568387
1,2.00026727
1,2.32928944
1,2.63883495
1,2.58028436
1,2.22679877
1,2.11917758
1,1.93998766
1,2.21819258
1,3.14839268
1,3.21649289
1,1.62564743
1,1.45478678
1,2.40357637
1,1.49369407
1,2.95845032
1,3.08410883
1,2.20512772
1,2.57688642
1,2.84521365
1,3.11553025
1,2.33843875
1,2.48829103
1,4.13945246
1,3.73192334
1,3.28556466
1,1.90219927
1,2.46602750
1,3.81137514
1,1.91591132
1,3.03487754
1,2.25689435
1,3.07542133
1,3.53826737
1,2.42376590
1,1.64788628
1,3.88132477
1,3.70211840
1,2.21837902
1,3.20846891
1,2.21712756
1,4.68749809
1,2.95026684
1,2.51535773
1,2.93263149
1,3.12004638
1,2.68892336
1,2.70700002
1,2.15248871
1,1.84068382
1,4.28352165
1,2.99854755
1,2.51944017
1,2.51078081
1,3.03843117
1,1.89271820
1,2.59300876
1,2.68184781
1,2.64869642
1,2.42273426
1,4.75929451
1,3.07704735
1,3.05489731
1,2.47352982
1,3.04231811
1,2.47334957
1,2.67787147
1,1.66616178
1,1.20428991
1,4.14033175
1,3.28634381
1,2.30376482
1,2.42191863
1,2.54615903
1,2.29048872
1,4.02141762
1,2.73377895
1,1.86303794
1,2.77656436
1,1.19966364
1,4.54953098
1,2.65853715
1,3.35438037
1,4.42624855
1,2.14762735
1,1.32845283
1,2.76591372
1,2.58108258
1,3.02586651
1,4.54424286
1,3.18387270
1,1.71370471
1,2.07299256
1,3.62251115
1,3.60610247
1,2.56890821
1,1.99885392
1,2.27536726
1,2.41191912
1,1.58265555
1,2.54711652
1,1.99907684
1,1.77804136
1,2.55032945
1,2.27240729
1,1.83272195
1,1.59825754
1,3.16878891
1,2.09452558
1,0.90375966
1,1.29095125
1,3.23557782
1,2.14047432
1,2.66463661
1,3.43226099
1,1.34650183
1,3.16047001
1,2.28485727
1,2.98997402
1,2.43054199
1,2.75338006
1,2.47071886
1,1.97913694
1,2.82821774
1,2.47414660
1,2.88330173
1,1.80929923
1,3.11118817
1,1.91319025
1,3.92428374
1,2.26372051
1,2.55735469
1,2.85258770
1,2.21177006
1,3.88060641
1,3.94433928
1,1.78013527
1,2.56607080
1,2.26877260
1,3.11432076
1,2.78995776
1,1.69633150
1,3.24440813
1,2.54408574
1,3.72132993
1,2.59921432
1,2.49418283
1,2.29366016
1,3.06341338
1,2.28468657
1,2.04590321
1,2.31831121
1,2.73632479
1,1.90670097
1,1.91490412
1,4.46310377
1,4.35850620
1,2.93406057
1,3.57947040
1,3.56692338
1,3.68556881
1,4.37623405
1,3.28179407
1,4.00276279
1,3.02885485
1,2.90365553
1,4.11139870
1,3.33152509
1,2.98851109
1,4.50102997
1,4.85113621
1,4.51844215
1,2.80082607
1,3.42840862
1,3.78497577
1,2.80145597
1,2.73736286
1,2.15554714
1,2.51370502
1,2.85221529
1,3.46750164
1,1.99434412
1,1.48513448
1,2.13939285
1,2.59979486
1,2.21116805
1,3.81162858
1,2.55962038
1,3.03759384
1,3.40200114
1,2.29427361
1,2.87168097
1,3.01996017
1,2.65382290
1,2.25449276
1,3.62905025
1,2.79650450
1,2.42936826
1,3.75227642
1,3.90286136
1,2.33483648
1,4.00324631
1,3.56747937
1,2.94774723
1,2.13427067
1,3.02166581
1,3.06242251
1,2.07327366
1,3.78497410
1,2.70897484
1,3.02919483
1,3.79697919
1,1.60806930
1,2.73276973
1,2.95329762
1,2.23036361
1,2.15456462
1,2.83574677
1,3.26647329
1,3.32830906
1,2.37501907
1,2.38989735
1,3.19326401
1,4.02967548
1,3.67832828
1,1.72299695
1,3.70793748
1,2.04172444
1,3.29289770
1,1.83234322
1,4.56924248
1,1.82336974
1,2.69938493
1,2.78972363
1,4.19566536
1,2.96358800
1,3.06213880
1,2.39568663
1,3.21590519
1,2.70833874
1,2.81883001
1,2.96613216
1,2.82124233
1,2.29197407
1,3.90164852
1,2.06554794
1,3.53249574
1,2.35121322
1,3.48850131
1,3.62822771
1,2.47584748
1,2.19738650
1,2.27845263
1,1.85633337
1,4.18192101
1,1.38129079
1,1.62052262
1,2.96306610
1,3.03228641
1,3.67272830
1,3.00828838
1,3.09571409
1,3.18492246
1,1.78557634
1,2.33320141
1,3.76316071
1,2.11459279
1,2.36124682
1,1.72998667
1,3.53412652
1,3.21469688
1,5.41587639
1,2.36882854
1,2.05328202
1,1.87530982
1,1.63785768
1,2.12361574
1,2.92415953
1,3.57708311
1,5.80747223
1,2.29263949
1,3.07601142
1,4.12942314
1,2.88967896
1,2.61608171
1,3.16615438
1,2.23586750
1,4.26475334
1,2.89209104
1,2.60541487
1,1.96979141
1,2.68767524
1,3.47239399
1,2.37076688
1,2.86546445
1,1.84073591
1,3.33092713
1,3.24787116
1,3.02729034
1,2.06622195
1,3.00281882
1,2.85500932
1,3.16396737
1,1.59198892
1,3.31868410
1,2.83290148
1,1.32358789
1,2.38640976
1,4.03475618
1,2.79951429
1,3.73803043
1,2.48949552
1,2.83652091
1,2.67896986
1,1.95293832
1,2.73600984
1,2.44437623
1,3.31055403
1,2.88688016
1,3.19374895
1,3.62768459
1,3.21396136
1,3.33794641
1,2.28334951
1,3.16456318
1,1.50826550
1,3.34351373
1,2.54449725
1,3.42301250
1,3.02667022
1,2.77029371
1,1.82071054
1,2.76472354
1,3.81148529
1,3.36046505
1,2.16004181
1,3.46213746
1,2.31222463
1,2.36809254
1,3.22076702
1,2.13594222
1,2.54775667
1,2.53747201
1,3.96209621
1,3.13125896
1,2.96472383
1,4.18465519
1,3.67846560
1,2.63303661
1,2.38270521
1,4.40369511
1,2.05034423
1,3.34032559
1,2.32737303
1,1.65127993
1,3.32929516
1,2.20998120
1,2.88174605
1,2.75152969
1,2.54674244
1,1.66999578
1,3.07039118
1,3.13605857
1,1.87648010
1,1.66999578
1,3.48273778
1,2.11444759
1,2.62004948
1,2.65759492
1,4.25905561
1,2.89202309
1,3.60710144
1,4.16547918
1,2.89701319
1,3.60541058
1,2.33177304
1,1.52606857
1,2.74361706
1,3.14706397
1,5.38395357
1,1.24422443
1,4.29584026
1,2.78228760
1,2.56560731
1,2.45760059
1,2.88340545
1,2.41942811
1,3.47056293
1,2.55032945
1,2.41791964
1,3.01711321
1,3.71324420
1,3.43446565
1,1.83472776
1,3.74967241
1,2.80893803
1,2.00039506
1,2.39422607
1,3.31573200
1,2.68812346
1,3.07448745
1,3.45445728
1,2.44452763
1,3.18826509
1,2.21987915
1,2.06786466
1,3.69879436
1,3.06698585
1,2.82346296
1,2.52084899
1,2.88363314
1,2.51734805
1,3.46429181
1,3.78822494
1,2.58208132
1,3.24543715
1,2.52676558
1,2.93402600
1,2.70957279
1,3.66685700
1,2.83843184
1,1.58699369
1,2.74417448
1,3.52497053
1,2.96646023
1,2.70081782
1,3.97578597
1,2.37046337
1,1.81222403
1,1.96151984
1,1.75009274
1,3.58092833
1,2.86668587
1,2.99543786
1,2.85907030
1,2.54649901
1,2.13237476
1,2.97185183
1,2.48641753
1,2.90073133
1,3.20986462
1,4.71908808
1,1.89566207
1,3.39163923
1,3.22788405
1,3.53935456
1,2.25145817
1,4.19854641
1,4.28758287
1,1.93151605
1,2.46050310
1,2.53613758
1,3.26304054
1,2.48892093
1,3.29161239
1,3.18253660
1,2.71873093
1,3.29456091
1,2.86740994
1,2.42815447
1,2.73759246
1,1.37197769
1,2.76078367
1,1.59429061
1,1.78147721
1,2.76339340
1,3.07606483
1,2.62060714
1,3.20401764
1,2.88411880
1,3.59917355
1,2.80523038
1,3.37397981
1,3.57571530
1,2.33274555
1,2.34014273
1,3.23494434
1,2.59398818
1,3.16822934
1,3.25055099
1,3.22069836
1,3.97617340
1,2.07823682
1,1.91179717
1,1.32536328
1,1.80413985
1,2.43576336
1,2.67792797
1,2.96245480
1,2.28229070
1,3.51537228
1,2.19856715
1,3.19709039
1,2.90397835
1,3.23656130
1,2.71067810
1,3.09876466
1,3.50971127
1,3.07087660
1,1.36640847
1,2.59067822
1,2.40268207
1,2.20900011
1,2.40970469
1,2.18768096
1,4.47195911
1,3.46260571
1,4.08717585
1,3.44985294
1,1.81952810
1,3.78928542
1,3.34943032
1,2.95699596
1,1.88302565
1,2.20446897
1,2.36074400
1,1.99446380
1,2.03194928
1,4.22567034
1,2.60090518
1,3.06665659
1,3.47956872
1,2.43949842
1,3.52566600
1,2.39161491
1,2.84736919
1,3.98970747
1,2.77031326
1,3.91982698
1,2.56283927
1,1.77111030
1,2.97401929
1,2.12556553
1,2.46860194
1,3.05213070
1,1.99090528
1,3.32265854
1,3.18294549
1,1.38076615
1,3.27756023
1,2.69214964
1,2.30465484
1,1.28127611
1,2.46035504
1,3.28233719
1,3.17787957
1,1.90198159
1,3.01520181
1,2.28940368
1,2.24554729
1,2.30456161
1,2.02332020
1,2.73610806
1,2.68896556
1,2.83775234
1,5.18693972
1,1.89606345
1,2.92706347
1,2.71308565
1,2.90219069
1,1.90950370
1,3.09790516
1,1.46033609
1,2.94333363
1,2.77260160
1,2.60500932
1,3.23878050
1,2.90575886
1,2.73227549
1,2.28778076
1,1.77594221
1,3.54228950
1,2.78988719
1,4.34753323
1,2.38099647
1,3.36189580
1,1.60548615
1,3.47192907
1,2.62481332
1,2.28153753
1,2.55775952
1,3.47523713
1,3.83710980
1,2.18364310
1,3.57212663
1,2.00638175
1,2.46748233
1,3.25901985
1,2.55043149
1,1.97710466
1,2.60615063
1,2.50216413
1,3.76519895
1,1.95443773
1,4.06651974
1,3.06084013
1,3.33043265
1,1.47113681
1,2.01140499
1,1.23436880
1,2.34891677
1,2.00504208
1,2.87958097
1,3.33162570
1,3.89773226
1,2.82695985
1,2.55563450
1,3.13099122
1,2.97243714
1,3.57005215
1,3.03522229
1,3.81111574
1,3.18914676
1,2.85455227
1,2.59514618
1,3.69910264
1,2.57500720
1,2.09617805
1,1.89233923
1,4.42278957
1,2.71294236
1,3.80798006
1,3.49698615
1,4.11435795
1,3.22999024
1,4.39147472
1,2.63620257
1,4.27281713
1,2.71338010
1,2.90953183
1,2.02964497
1,2.34082913
1,1.28157675
1,3.78035641
1,3.13338876
1,1.96249497
1,3.54939914
1,3.58351088
1,2.51525807
1,3.90939832
1,2.45593929
1,1.29133284
1,3.87808228
1,2.83753204
1,2.16840076
1,2.92617035
1,3.15186405
1,2.72496438
1,2.70501661
1,2.80898952
1,2.66305518
1,3.00355005
1,3.05740881
1,2.34480953
1,3.76813006
1,2.15387630
1,3.51458359
1,3.19327688
1,2.61820078
1,2.96296787
1,2.58438969
1,3.33298254
1,2.73691297
1,1.32670236
1,1.13733292
1,2.39982986
1,2.90793943
1,4.33192444
1,2.65251207
1,1.99830794
1,1.75382733
1,2.77340746
1,3.45775080
1,3.10154200
1,4.19124556
1,2.10653567
1,3.51641846
1,3.19697952
1,3.33948255
1,3.94399357
1,2.79909849
1,3.06496215
1,3.59891772
1,2.06694245
1,2.71028852
1,2.86261249
1,2.52523589
1,2.50000668
1,3.03455615
1,2.39807606
1,3.84007597
1,2.26584721
1,1.41679502
1,2.04166460
1,2.60504174
1,3.67192674
1,3.03290129
1,3.28827572
1,2.97715044
1,1.90287650
1,3.24894834
1,2.85483289
1,3.28568578
1,3.00251269
1,2.63662052
1,2.62432575
1,3.81146240
1,3.05529022
1,3.12881660
1,3.04470158
1,2.51991844
1,3.42227459
1,2.24442244
1,4.58070707
1,3.16426086
1,3.20866919
1,2.72838163
1,3.01611471
1,2.43123221
1,2.74953842
1,2.70515609
1,4.28898191
1,2.66587067
1,3.17526364
1,2.16393781
1,2.92724013
1,2.57635236
1,1.92560625
1,2.52768230
1,3.50175977
1,3.56683683
1,2.92999768
1,2.00820374
1,4.48955774
1,1.33122826
1,2.58397174
1,3.52087092
1,4.24169302
1,3.70480680
1,3.15623045
1,2.33300591
1,4.11838627
1,3.55745697
1,3.44384551
1,3.36412096
1,4.03706789
1,2.84356737
1,2.89028645
1,3.10240936
1,2.46981335
1,2.37041926
1,2.62812948
1,2.83387589
1,3.55078244
1,3.57120347
1,3.36251664
1,2.86645603
1,3.21325016
1,2.37496138
1,2.67386055
1,2.61989641
1,3.31733084
1,3.19147110
1,2.90817189
1,1.69165742
1,2.54591966
1,1.74666643
1,2.28056765
1,4.93745613
1,1.79012620
1,2.55892301
1,3.05911636
1,3.02689815
1,3.13019085
1,2.28131962
1,1.70293903
1,2.06545663
1,2.96229768
1,2.81813312
1,4.99576187
1,4.22059441
1,3.09129500
1,3.39025784
1,2.87618923
1,3.10042572
1,2.20293474
1,2.20082974
1,3.27969027
1,3.87181950
1,2.28678322
1,3.22146034
1,3.48913479
1,2.39233088
1,2.32773113
1,1.92325509
1,3.03264904
1,4.65974951
1,3.38555241
1,2.70926762
1,1.94132483
1,3.14801073
1,2.86447573
1,2.07893920
1,2.27385736
1,3.50388384
1,2.40094519
1,3.22290015
1,1.67153466
1,4.07155704
1,4.63901854
1,1.90649140
1,2.68490839
1,3.44899654
1,2.79017162
1,2.62061572
1,3.29921389
1,3.36216497
1,1.97018349
1,3.49088001
1,2.58116603
1,3.94314909
1,2.43693376
1,2.76090670
1,4.18995237
1,2.91099381
1,3.51913142
1,3.17794895
1,2.82074404
1,1.64302981
1,3.33044338
1,2.64748859
1,1.91374969
1,2.14715099
1,3.85255265
1,4.20923424
1,1.87215018
1,2.28979158
1,3.44082117
1,3.17520571
1,3.77570605
1,2.55057621
1,2.24214053
1,2.30223227
1,3.02701354
1,2.17039180
1,2.56589031
1,2.37893343
1,2.98204231
1,3.34036469
1,3.33608246
1,2.48980713
1,2.67301059
1,3.08313870
1,2.71115565
1,1.61665261
1,2.88116264
1,1.77306056
1,1.98806214
1,2.53653288
1,3.76402378
1,3.86516023
1,1.89607751
1,2.40693951
1,2.67086124
1,3.57748508
1,1.97636175
1,1.85093224
1,2.92246461
1,3.60766006
1,5.98739719
1,4.25771523
1,3.00600624
1,2.77096391
1,2.93545032
1,3.90380359
1,2.34787321
1,2.38141370
1,3.19516015
1,2.76823854
1,2.37936497
1,2.07015276
1,3.07365680
1,3.60210800
1,3.83226490
1,3.14009070
1,3.11132479
1,2.92497683
1,2.43177891
1,1.82679880
1,2.40349078
1,2.93774056
1,3.12071681
1,2.97565126
1,3.40118289
1,1.70909071
1,4.76411676
1,2.81122041
1,3.66002226
1,3.17439389
1,2.65444684
1,3.34747386
1,3.23780489
1,2.80593324
1,2.03584719
1,2.35291338
1,2.09043074
1,2.62787294
1,2.26974702
1,3.05375981
1,3.98598909
1,3.00851274
1,2.17986441
1,4.24050570
1,3.73005009
1,2.67187834
1,2.46565843
1,3.46479821
1,2.00087833
1,1.96361840
1,2.74792480
1,2.14808941
1,4.05702877
1,2.06446671
1,2.25637889
1,2.37504339
1,2.57170820
1,2.78401375
1,4.34850740
1,2.57826114
1,2.64020896
1,2.99654174
1,3.49985743
1,1.86011744
1,2.54104257
1,2.43668079
1,3.29844570
1,2.57248044
1,3.12200046
1,2.54387188
1,2.30246949
1,3.20007110
1,3.97759676
1,3.05052042
1,4.18611717
1,3.28078747
1,2.61161757
1,2.34943938
1,2.93114853
1,2.69620490
1,2.04685402
1,3.13470459
1,3.06104326
1,2.84662771
1,3.49194646
1,2.77714300
1,3.32800102
1,1.50401664
1,3.34940267
1,2.65943861
1,2.05641341
1,3.41933203
1,3.24417710
1,4.04357767
1,3.22516584
1,2.89615250
1,3.75621963
1,3.34370708
1,3.37108350
1,3.90775037
1,4.14818764
1,3.87173557
1,2.88863468
1,4.68667030
1,3.08776808
1,4.07517195
1,3.87809968
1,2.91606951
1,1.84124625
1,3.14902544
1,3.21094370
1,1.89761460
1,2.59089494
1,1.86793768
1,1.70361137
1,2.33147001
1,3.81400180
1,3.22961044
1,2.90956450
1,2.90583587
1,3.88185787
1,1.79166543
1,4.07962465
1,2.63101864
1,2.43141055
1,3.44840455
1,2.66187453
1,3.40518594
1,2.99275661
1,2.63225937
1,3.74169159
1,2.88435650
1,3.13629913
1,3.60474348
1,4.35150242
1,1.96401298
1,2.17702293
1,2.50787401
1,1.85179687
1,3.68060040
1,2.26049590
1,2.15640378
1,3.38231254
1,2.49288797
1,2.10734820
1,4.33225918
1,3.02047467
1,2.63759565
1,2.45345569
1,3.27278972
1,3.27383661
1,5.17381001
1,4.59081984
1,3.30041623
1,2.85769153
1,3.00695467
1,2.93236423
1,3.00875664
1,3.24138641
1,3.22802258
1,2.22173142
1,3.39308333
1,3.80936265
1,4.64384604
1,3.60338378
1,1.64165580
1,3.02484298
1,3.91082859
1,3.03150177
1,3.75256634
1,2.58620405
1,4.15039873
1,3.71715283
1,3.24764204
1,4.17548323
1,3.03678441
1,2.07045317
1,2.84117818
1,2.29153657
1,2.48614073
1,3.55763459
1,1.95708764
1,2.25077319
1,3.22375202
1,3.45979738
1,3.65985870
1,2.71758866
1,4.21095848
1,4.41870642
1,3.24251175
1,3.69951534
1,2.44402957
1,3.24434376
1,3.15619612
1,3.49869275
1,3.64609098
1,4.15650320
1,4.59954596
1,2.96506453
1,3.32962608
1,3.04749465
1,2.11397886
1,3.79333711
1,1.94604957
1,3.66329527
1,3.13967538
1,1.89909828
1,3.62781429
1,1.78488243
1,1.89658689
1,2.32850885
1,2.75099587
1,2.54174519
1,1.64015913
1,3.39824295
1,3.10764909
1,2.45696139
1,3.74681473
1,3.22619677
1,2.47105408
1,2.38448644
1,3.98510838
1,1.90506577
1,3.66871858
1,3.92433047
1,3.91945910
1,4.89958286
1,2.87954164
1,1.07763946
1,3.39564466
1,2.61692166
1,2.63325715
1,3.68813658
1,2.75644803
1,4.08879089
1,3.59674954
1,1.37068343
1,2.97414422
1,2.29406524
1,4.17823029
1,2.36423278
1,4.00420237
1,2.83104372
1,3.23935032
1,3.89640141
1,4.07759953
1,2.34054995
1,5.41919947
1,4.24948883
1,2.96722007
1,4.38689089
1,3.89764667
1,2.95113182
1,4.49293947
1,2.13762951
1,2.11749625
1,2.36997175
1,3.14880061
1,3.46830010
1,2.98687649
1,2.34315491
1,4.06431055
1,2.08188963
1,1.75106978
1,3.26590490
1,1.85241067
1,2.61601925
1,4.61231804
1,2.39977360
1,2.34367156
1,1.94517851
1,3.75507951
1,3.53793478
1,2.43409300
1,2.43640471
1,4.08225965
1,3.62818432
1,3.73759627
1,2.72446442
1,3.19503331
1,3.99363708
1,2.31942248
1,3.12207437
1,4.24917078
1,2.82286477
1,2.88267803
1,2.61007524
1,4.46573448
1,2.58992004
1,2.80393028
1,1.58791602
1,2.83899927
1,2.13159132
1,4.02836704
1,3.71726727
1,1.99435151
1,4.01077461
1,2.42704940
1,2.96819401
1,2.48949552
1,3.08222675
1,4.71795893
1,3.61295033
1,3.78786182
1,3.29729104
1,2.73297596
1,4.66558933
1,3.35773969
1,1.79938650
1,2.42582774
1,1.97878778
1,4.30639124
1,4.08960342
1,3.13367176
1,3.12724090
1,2.75203609
1,2.16336870
1,2.47830033
1,1.55212760
1,3.51061916
1,2.39608192
1,5.13545656
1,2.47749829
1,2.02559757
1,2.55709076
1,3.10292053
1,2.03605318
1,1.19757938
1,3.82441807
1,3.27837038
1,3.83956265
1,2.52394676
1,4.00574398
1,2.80140376
1,4.52167988
1,2.40995836
1,2.11114144
1,3.10360670
1,2.78330898
1,3.31044722
1,3.71634555
1,2.94517708
1,3.12107444
1,3.56195951
1,1.88351524
1,3.37495136
1,2.14613390
1,2.53973103
1,2.50396562
1,1.81151724
1,4.06739235
1,2.24661016
1,4.07924223
1,1.73699367
1,3.70611691
1,2.69043684
1,3.29861665
1,2.24079871
1,1.72355187
1,4.01103640
1,4.63605022
1,2.36851740
1,2.38989139
1,2.77481079
1,3.90318036
1,3.60104370
1,2.64252710
1,2.61624956
1,2.15144467
1,3.78828597
1,2.43586898
1,3.85115099
1,2.19601965
1,1.91196012
1,4.17486715
1,3.29720902
1,3.80292559
1,2.09032822
1,3.19305897
1,4.49558020
1,1.49902940
1,3.30728579
1,2.78011656
1,2.20559192
1,3.24147964
1,4.01267958
1,3.44784689
1,2.21323872
1,2.37099338
1,2.88731289
1,3.59219575
1,2.44512057
1,3.98845768
1,3.98840117
1,2.85983181
1,1.73569191
1,3.18541074
1,2.11113477
1,3.04540992
1,2.52899218
1,1.56425238
1,2.71977615
1,3.16130543
1,2.95470476
1,3.23793221
1,2.02016783
1,2.51238918
1,3.93885684
1,2.45052600
1,3.86592817
1,3.05587006
1,3.21411824
1,2.23902225
1,2.93208599
1,2.92079806
1,3.28303957
1,3.05698109
1,3.00419497
1,2.48190188
1,2.48912978
1,2.10625720
1,4.31694460
1,2.96487856
1,3.35077763
1,3.48959136
1,3.08938050
1,1.90341675
1,4.11664057
1,2.75319314
1,3.02940035
1,3.80383134
1,4.61397314
1,2.80907655
1,2.72664952
1,3.23329329
1,3.43567753
1,3.63552761
1,4.00200224
1,3.24647474
1,2.44756818
1,2.82310820
1,3.11244273
1,1.93191826
1,3.68444157
1,4.66653347
1,5.79512644
1,3.47140861
1,2.73105788
1,3.98793125
1,3.43686724
1,3.34319186
1,4.62097692
1,4.07837582
1,4.82465267
1,4.14413643
1,2.83268332
1,2.61968136
1,2.71871853
1,2.38256073
1,2.57541084
1,3.55836821
1,2.07987690
1,1.70641291
1,3.08096528
1,3.94801760
1,3.18430066
1,3.20917058
1,3.65135479
1,3.82114697
1,3.06798410
1,2.15375257
1,3.05658937
1,3.31091738
1,3.03823686
1,2.65825939
1,2.59114957
1,0.81380057
1,1.33753157
1,3.32084680
1,3.92480564
1,3.32673764
1,2.64442396
1,3.38766479
1,2.53210330
1,3.02174997
1,3.25632691
1,2.51503611
1,3.88191056
1,3.40163660
1,2.43560290
1,2.83365512
1,3.08456135
1,2.79771113
1,2.91875267
1,3.34370995
1,3.42173505
1,2.73174787
1,2.54059315
1,2.61606932
1,3.08956432
1,3.32770801
1,3.97448778
1,2.29039216
1,2.86777782
1,2.86411119
1,2.69740629
1,1.76664603
1,2.79385352
1,2.47778845
1,2.82238293
1,3.14439082
1,2.52217269
1,4.37988091
1,2.53587174
1,3.13660598
1,2.14672661
1,2.94000578
1,1.84605932
1,2.74210858
1,3.27479959
1,3.25242591
1,4.39650440
1,3.20971036
1,1.78633714
1,1.88657081
1,4.27353573
1,3.76949573
1,2.71231031
1,3.31724811
1,3.60265183
1,2.90100050
1,2.82639813
1,2.89669275
1,3.68406010
1,2.34997129
1,3.90299988
1,2.90929890
1,2.85524416
1,3.05095601
1,3.62893963
1,3.03399658
1,3.38291287
1,3.28325176
1,3.38634205
1,2.43084812
1,1.93464792
1,3.23209596
1,3.01979780
1,4.01875544
1,4.05271339
1,2.64768767
1,3.08363724
1,3.34743023
1,1.17895019
1,2.45139980
1,3.91349697
1,2.42157006
1,1.57505989
1,3.88713574
1,1.76402915
1,3.03341746
1,3.43229079
1,3.20107079
1,2.91408753
1,3.31102347
1,2.09540319
1,2.90177751
1,2.45662856
1,2.63550067
1,2.98314714
1,1.67370796
1,1.98086762
1,2.07112241
1,3.08876252
1,3.23741460
1,2.79322100
1,3.04285479
1,4.74486971
1,3.58993244
1,3.10356402
1,2.28763103
1,2.92946148
1,3.71443439
1,3.27441502
1,3.00279164
1,2.49326539
1,1.61128712
1,1.26132274
1,2.47374940
1,2.98424959
1,3.16192698
1,2.64809418
1,3.82551312
1,3.36160398
1,3.09661460
1,3.32551384
1,2.35773969
1,3.85404205
1,2.73432636
1,3.69082141
1,3.30279827
1,2.89645028
1,2.27651381
1,2.27185321
1,3.00931525
1,1.92017388
1,2.63535953
1,2.01809692
1,1.82068086
1,1.74034834
1,1.97950494
1,2.07676721
1,2.99744749
1,2.59085155
1,1.68423676
1,2.66012383
1,3.00776315
1,3.41394687
1,2.66139436
1,2.56636620
1,3.65675354
1,3.85845947
1,3.22866058
1,3.70349216
1,2.96043205
1,3.37344646
1,3.29298472
1,3.06136870
1,2.31750655
1,3.44829679
1,1.99669516
1,2.05032063
1,2.24089646
1,2.61160946
1,3.55926180
1,3.19497681
1,4.22120047
1,1.95989776
1,3.56063628
1,3.54370213
1,3.53939557
1,4.38479662
1,3.50905871
1,4.49645996
1,3.18438435
1,4.45172358
1,4.57966471
1,3.62813449
1,3.61394286
1,4.15771580
1,3.63203597
1,5.04138660
1,2.05471969
1,3.23385096
1,3.79328704
1,2.58845735
1,3.14944839
1,2.94704437
1,2.86437178
1,2.04586458
1,2.91697311
1,4.01006222
1,2.18075800
1,2.72495890
1,3.36396480
1,1.86813712
1,4.82849216
1,2.98137188
1,3.54465270
1,2.78831863
1,3.40928054
1,3.82126617
1,2.67164540
1,2.25315571
1,2.11472416
1,2.39335728
1,2.77356815
1,2.65219402
1,2.46597147
1,3.60342360
1,3.10764575
0,3.75988007
0,2.84589648
0,2.81903338
0,2.68795109
0,2.54363751
0,2.98477745
0,3.44582081
0,2.09802508
0,1.64126360
0,2.62140846
0,3.21937037
0,3.21937037
0,3.21937037
0,3.21937037
0,3.21937037
0,3.21937037
0,3.21937037
0,3.21937037
0,3.21937037
0,3.21937037
0,3.21937037
0,3.21937037
0,3.21937037
0,3.21937037
0,3.21937037
0,3.21937037
0,3.21937037
0,3.21937037
0,3.21937037
0,3.21937037
0,3.21937037
0,3.21937037
0,3.21937037
0,3.21937037
0,3.21937037
0,3.21937037
0,3.21937037
0,3.21937037
0,3.21937037
0,3.21937037
0,3.21937037
0,3.21937037
0,3.21937037
0,3.21937037
0,3.21937037
0,3.21937037
0,3.21937037
0,3.21937037
0,3.21937037
0,3.21937037
0,3.21937037
0,3.21937037
0,3.21937037
0,3.21937037
0,3.21937037
0,3.21937037
0,3.21937037
0,3.21937037
0,3.21937037
0,3.21937037
0,3.21937037
0,3.21937037
0,3.21937037
0,3.21937037
0,3.21937037
0,3.21937037
0,3.21937037
0,3.21937037
0,3.21937037
0,3.21937037
0,3.21937037
0,3.21937037
0,3.21937037
0,3.21937037
0,3.21937037
0,3.21937037
0,3.21937037
0,3.21937037
0,3.21937037
0,3.21937037
0,3.21937037
0,3.21937037
0,3.21937037
0,3.21937037
0,3.21937037
0,3.21937037
0,3.21937037
0,3.21937037
0,3.21937037
0,3.21937037
0,3.21937037
0,3.21937037
0,3.21937037
0,3.21937037
0,3.21937037
0,3.21937037
0,3.21937037
0,3.21937037
0,3.21937037
0,3.21937037
0,3.21937037
0,3.21937037
0,3.21937037
0,3.21937037
0,3.21937037
0,3.21937037
0,3.21937037
0,3.21937037
0,3.21937037
0,3.21937037
0,3.21937037
0,3.21937037
0,3.21937037
0,3.21937037
0,3.21937037
0,3.21937037
0,3.21937037
0,3.21937037
0,3.21937037
0,3.21937037
0,3.21937037
0,3.21937037
0,3.21937037
0,3.21937037
0,3.21937037
0,3.21937037
0,3.21937037
0,3.21937037
0,3.21937037
0,3.21937037
0,3.21937037
0,3.21937037
0,3.21937037
0,3.21937037
0,3.21937037
0,3.21937037
0,3.21937037
0,3.21937037
0,3.21937037
0,3.21937037
0,3.21937037
0,3.21937037
0,3.21937037
0,3.21937037
0,3.21937037
0,3.21937037
0,3.21937037
0,3.21937037
0,3.21937037
0,3.21937037
0,3.21937037
0,3.21937037
0,3.21937037
0,3.21937037
0,3.21937037
0,3.21937037
0,3.21937037
0,3.21937037
0,3.21937037
0,3.21937037
0,3.21937037
0,3.21937037
0,3.21937037
0,3.21937037
0,3.21937037
0,3.21937037
0,3.21937037
0,3.21937037
0,3.21937037
0,3.21937037
0,3.21937037
0,3.21937037
0,3.21937037
0,3.21937037
0,3.21937037
0,3.21937037
0,3.21937037
0,3.21937037
0,3.21937037
0,3.21937037
0,3.21937037
0,3.21937037
0,3.21937037
0,3.21937037
0,3.21937037
0,3.21937037
0,3.21937037
0,3.21937037
0,3.21937037
0,3.21937037
0,3.21937037
0,3.21937037
0,3.21937037
0,3.21937037
0,3.21937037
0,3.21937037
0,3.21937037
0,3.21937037
0,3.21937037
0,3.21937037
0,3.21937037
0,3.21937037
0,3.21937037
0,3.21937037
0,3.21937037
0,3.21937037
0,3.21937037
0,3.21937037
0,3.21937037
0,3.21937037
0,3.21937037
0,3.21937037
0,3.21937037
0,3.21937037
0,3.21937037
0,3.21937037
0,3.21937037
0,3.21937037
0,3.21937037
0,3.21937037
0,3.21937037
0,3.21937037
0,3.21937037
0,3.21937037
0,3.21937037
0,3.21937037
0,3.21937037
0,3.21937037
0,3.21937037
0,3.21937037
0,3.21937037
0,3.21937037
0,3.21937037
0,3.21937037
0,3.21937037
0,3.21937037
0,3.21937037
0,3.21937037
0,3.21937037
0,3.21937037
0,3.21937037
0,3.21937037
0,3.21937037
0,3.21937037
0,3.21937037
0,3.21937037
0,3.21937037
0,3.21937037
0,3.21937037
0,3.21937037
0,3.21937037
0,3.21937037
0,3.21937037
0,3.21937037
0,3.21937037
0,3.21937037
0,3.21937037
0,3.21937037
0,3.21937037
0,3.21937037
0,3.21937037
0,3.21937037
0,3.21937037
0,3.21937037
0,3.21937037
0,3.21937037
0,3.21937037
0,3.21937037
0,3.21937037
0,3.21937037
0,3.21937037
0,3.21937037
0,3.21937037
0,3.21937037
0,3.21937037
0,3.21937037
0,3.21937037
0,3.21937037
0,3.21937037
0,3.21937037
0,3.21937037
0,3.21937037
0,3.21937037
0,3.21937037
0,3.21937037
0,3.21937037
0,3.21937037
0,3.21937037
0,3.21937037
0,3.21937037
0,3.21937037
0,3.21937037
0,3.21937037
0,3.21937037
0,3.21937037
0,3.21937037
0,3.21937037
0,3.21937037
0,3.21937037
0,3.21937037
0,3.21937037
0,3.21937037
0,3.21937037
0,3.21937037
0,3.21937037
0,3.21937037
0,3.21937037
0,3.21937037
0,3.21937037
0,3.21937037
0,3.21937037
0,3.21937037
0,3.21937037
0,3.21937037
0,3.21937037
0,3.21937037
0,3.21937037
0,3.21937037
0,3.21937037
0,3.21937037
0,3.21937037
0,3.21937037
0,3.21937037
0,3.21937037
0,3.21937037
0,3.21937037
0,3.21937037
0,3.21937037
0,3.21937037
0,3.21937037
0,3.21937037
0,3.21937037
0,3.21937037
0,3.21937037
0,3.21937037
0,3.21937037
0,3.21937037
0,3.21937037
0,3.21937037
0,3.21937037
0,3.21937037
0,3.21937037
0,3.21937037
0,3.21937037
0,3.21937037
0,3.21937037
0,3.21937037
0,3.21937037
0,3.21937037
0,3.21937037
0,3.21937037
0,3.21937037
0,3.21937037
0,3.21937037
0,3.21937037
0,3.21937037
0,3.21937037
0,3.21937037
0,3.21937037
0,3.21937037
0,3.21937037
0,3.21937037
0,3.21937037
0,3.21937037
0,3.21937037
0,3.21937037
0,3.21937037
0,3.21937037
0,3.21937037
0,3.21937037
0,3.21937037
0,3.21937037
0,3.21937037
0,3.21937037
0,3.21937037
0,3.21937037
0,3.21937037
0,3.21937037
0,3.21937037
0,3.21937037
0,3.21937037
0,3.21937037
0,3.21937037
0,3.21937037
0,3.21937037
0,3.21937037
0,3.21937037
0,3.21937037
0,3.21937037
0,3.21937037
0,3.21937037
0,3.21937037
0,3.21937037
0,3.21937037
0,3.21937037
0,3.21937037
0,3.21937037
0,3.21937037
0,3.21937037
0,3.21937037
0,3.21937037
0,3.21937037
0,3.21937037
0,3.21937037
0,3.21937037
0,3.21937037
0,3.21937037
0,3.21937037
0,3.21937037
0,3.21937037
0,3.21937037
0,3.21937037
0,3.21937037
0,3.21937037
0,3.21937037
0,3.21937037
0,3.21937037
0,3.21937037
0,3.21937037
0,3.21937037
0,3.21937037
0,3.21937037
0,3.21937037
0,3.21937037
0,3.21937037
0,3.21937037
0,3.21937037
0,3.21937037
0,3.21937037
0,3.21937037
0,3.21937037
0,3.21937037
0,3.21937037
0,3.21937037
0,3.21937037
0,3.21937037
0,3.21937037
0,3.21937037
0,3.21937037
0,3.21937037
0,3.21937037
0,3.21937037
0,3.21937037
0,3.21937037
0,3.21937037
0,3.21937037
0,3.21937037
0,3.21937037
0,3.21937037
0,3.21937037
0,3.21937037
0,3.21937037
0,3.21937037
0,3.21937037
0,3.21937037
0,3.21937037
0,3.21937037
0,3.21937037
0,3.21937037
0,3.21937037
0,3.21937037
0,3.21937037
0,3.21937037
0,3.21937037
0,3.21937037
0,3.21937037
0,3.21937037
0,3.21937037
0,3.21937037
0,3.21937037
0,3.21937037
0,3.21937037
0,3.21937037
0,3.21937037
0,3.21937037
0,3.21937037
0,3.21937037
0,3.21937037
0,3.21937037
0,3.21937037
0,3.21937037
0,3.21937037
0,3.21937037
0,3.21937037
0,3.21937037
0,3.21937037
0,3.21937037
0,3.21937037
0,3.21937037
0,3.21937037
0,3.21937037
0,3.21937037
0,3.21937037
0,3.21937037
0,3.21937037
0,3.21937037
0,3.21937037
0,3.21937037
0,3.21937037
0,3.21937037
0,3.21937037
0,3.21937037
0,3.21937037
0,3.21937037
0,3.21937037
0,3.21937037
0,3.21937037
0,3.21937037
0,3.21937037
0,3.21937037
0,3.21937037
0,3.21937037
0,3.21937037
0,3.21937037
0,3.21937037
0,3.21937037
0,3.21937037
0,3.21937037
0,3.21937037
0,3.21937037
0,3.21937037
0,3.21937037
0,3.21937037
0,3.21937037
0,3.21937037
0,3.21937037
0,3.21937037
0,3.21937037
0,3.21937037
0,3.21937037
0,3.21937037
0,3.21937037
0,3.21937037
0,3.21937037
0,3.21937037
0,3.21937037
0,3.21937037
0,3.21937037
0,3.21937037
0,3.21937037
0,3.21937037
0,3.21937037
0,3.21937037
0,3.21937037
0,3.21937037
0,3.21937037
0,3.21937037
0,3.21937037
0,3.21937037
0,3.21937037
0,3.21937037
0,3.21937037
0,3.21937037
0,3.21937037
0,3.21937037
0,3.21937037
0,3.21937037
0,3.21937037
0,3.21937037
0,3.21937037
0,3.21937037
0,3.21937037
0,3.21937037
0,3.21937037
0,3.21937037
0,3.21937037
0,3.21937037
0,3.21937037
0,3.21937037
0,3.21937037
0,3.21937037
0,3.21937037
0,3.21937037
0,3.21937037
0,3.21937037
0,3.21937037
0,3.21937037
0,3.21937037
0,3.21937037
0,3.21937037
0,3.21937037
0,3.21937037
0,3.21937037
0,3.21937037
0,3.21937037
0,3.21937037
0,3.21937037
0,3.21937037
0,3.21937037
0,3.21937037
0,3.21937037
0,3.21937037
0,3.21937037
0,3.21937037
0,3.21937037
0,3.21937037
0,3.21937037
0,3.21937037
0,3.21937037
0,3.21937037
0,3.21937037
0,3.21937037
0,3.21937037
0,3.21937037
0,3.21937037
0,3.21937037
0,3.21937037
0,3.21937037
0,3.21937037
0,3.21937037
0,3.21937037
0,3.21937037
0,3.21937037
0,3.21937037
0,3.21937037
0,3.21937037
0,3.21937037
0,3.21937037
0,3.21937037
0,3.21937037
0,3.21937037
0,3.21937037
0,3.21937037
0,3.21937037
0,3.21937037
0,3.21937037
0,3.21937037
0,3.21937037
0,3.21937037
0,3.21937037
0,3.21937037
0,3.21937037
0,3.21937037
0,3.21937037
0,3.21937037
0,3.21937037
0,3.21937037
0,3.21937037
0,3.21937037
0,3.21937037
0,3.21937037
0,3.21937037
0,3.21937037
0,3.21937037
0,3.21937037
0,3.21937037
0,3.21937037
0,3.21937037
0,3.21937037
0,3.21937037
0,3.21937037
0,3.21937037
0,3.21937037
0,3.21937037
0,3.21937037
0,3.21937037
0,3.21937037
0,3.21937037
0,3.21937037
0,3.21937037
0,3.21937037
0,3.21937037
0,3.21937037
0,3.21937037
0,3.21937037
0,3.21937037
0,3.21937037
0,3.21937037
0,3.21937037
0,3.21937037
0,3.21937037
0,3.21937037
0,3.21937037
0,3.21937037
0,3.21937037
0,3.21937037
0,3.21937037
0,3.21937037
0,3.21937037
0,3.21937037
0,3.21937037
0,3.21937037
0,3.21937037
0,3.21937037
0,3.21937037
0,3.21937037
0,3.21937037
0,3.21937037
0,3.21937037
0,3.21937037
0,3.21937037
0,3.21937037
0,3.21937037
0,3.21937037
0,3.21937037
0,3.21937037
0,3.21937037
0,3.21937037
0,3.21937037
0,3.21937037
0,3.21937037
0,3.21937037
0,3.21937037
0,3.21937037
0,3.21937037
0,3.21937037
0,3.21937037
0,3.21937037
0,3.21937037
0,3.21937037
0,3.21937037
0,3.21937037
0,3.21937037
0,3.21937037
0,3.21937037
0,3.21937037
0,3.21937037
0,3.21937037
0,3.21937037
0,3.21937037
0,3.21937037
0,3.21937037
0,3.21937037
0,3.21937037
0,3.21937037
0,3.21937037
0,3.21937037
0,3.21937037
0,3.21937037
0,3.21937037
0,3.21937037
0,3.21937037
0,3.21937037
0,3.21937037
0,3.21937037
0,3.21937037
0,3.21937037
0,3.21937037
0,3.21937037
0,3.21937037
0,3.21937037
0,3.21937037
0,3.21937037
0,3.21937037
0,3.21937037
0,3.21937037
0,3.21937037
0,3.21937037
0,3.21937037
0,3.21937037
0,3.21937037
0,3.21937037
0,3.21937037
0,3.21937037
0,3.21937037
0,3.21937037
0,3.21937037
0,3.21937037
0,3.21937037
0,3.21937037
0,3.21937037
0,3.21937037
0,3.21937037
0,3.21937037
0,3.21937037
0,3.21937037
0,3.21937037
0,3.21937037
0,3.21937037
0,3.21937037
0,3.21937037
0,3.21937037
0,3.21937037
0,3.21937037
0,3.21937037
0,3.21937037
0,3.21937037
0,3.21937037
0,3.21937037
0,3.21937037
0,3.21937037
0,3.21937037
0,3.21937037
0,3.21937037
0,3.21937037
0,3.21937037
0,3.21937037
0,3.21937037
0,3.21937037
0,3.21937037
0,3.21937037
0,3.21937037
0,3.21937037
0,3.21937037
0,3.21937037
0,3.21937037
0,3.21937037
0,3.21937037
0,3.21937037
0,3.21937037
0,3.21937037
0,3.21937037
0,3.21937037
0,3.21937037
0,3.21937037
0,3.21937037
0,3.21937037
0,3.21937037
0,3.21937037
0,3.21937037
0,3.21937037
0,3.21937037
0,3.21937037
0,3.21937037
0,3.21937037
0,3.21937037
0,3.21937037
0,3.21937037
0,3.21937037
0,3.21937037
0,3.21937037
0,3.21937037
0,3.21937037
0,3.21937037
0,3.21937037
0,3.21937037
0,3.21937037
0,3.21937037
0,3.21937037
0,3.21937037
0,3.21937037
0,3.21937037
0,3.21937037
0,3.21937037
0,3.21937037
0,3.21937037
0,3.21937037
0,3.21937037
0,3.21937037
0,3.21937037
0,3.21937037
0,3.21937037
0,3.21937037
0,3.21937037
0,3.21937037
0,3.21937037
0,3.21937037
0,3.21937037
0,3.21937037
0,3.21937037
0,3.21937037
0,3.21937037
0,3.21937037
0,3.21937037
0,3.21937037
0,3.21937037
0,3.21937037
0,3.21937037
0,3.21937037
0,3.21937037
0,3.21937037
0,3.21937037
0,3.21937037
0,3.21937037
0,3.21937037
0,3.21937037
0,3.21937037
0,3.21937037
0,3.21937037
0,3.21937037
0,3.21937037
0,3.21937037
0,3.21937037
0,3.21937037
0,3.21937037
0,3.21937037
0,3.21937037
0,3.21937037
0,3.21937037
0,3.21937037
0,3.21937037
0,3.21937037
0,3.21937037
0,3.21937037
0,3.21937037
0,3.21937037
0,3.21937037
0,3.21937037
0,3.21937037
0,3.21937037
0,3.21937037
0,3.21937037
0,3.21937037
0,3.21937037
0,3.21937037
0,3.21937037
0,3.21937037
0,3.21937037
0,3.21937037
0,3.21937037
0,3.21937037
0,3.21937037
0,3.21937037
0,3.21937037
0,3.21937037
0,3.21937037
0,3.21937037
0,3.21937037
0,3.21937037
0,3.21937037
0,3.21937037
0,3.21937037
0,3.21937037
0,3.21937037
0,3.21937037
0,3.21937037
0,3.21937037
0,3.21937037
0,3.21937037
0,3.21937037
0,3.21937037
0,3.21937037
0,3.21937037
0,3.21937037
0,3.21937037
0,3.21937037
0,3.21937037
0,3.21937037
0,3.21937037
0,3.21937037
0,3.21937037
0,3.21937037
0,3.21937037
0,3.21937037
0,3.21937037
0,3.21937037
0,3.21937037
0,3.21937037
0,3.21937037
0,3.21937037
0,3.21937037
0,3.21937037
0,3.21937037
0,3.21937037
0,3.21937037
0,3.21937037
0,3.21937037
0,3.21937037
0,3.21937037
0,3.21937037
0,3.21937037
0,3.21937037
0,3.21937037
0,3.21937037
0,3.21937037
0,3.21937037
0,3.21937037
0,3.21937037
0,3.21937037
0,3.21937037
0,3.21937037
0,3.21937037
0,3.21937037
0,3.21937037
0,3.21937037
0,3.21937037
0,3.21937037
0,3.21937037
0,3.21937037
0,3.21937037
0,3.21937037
0,3.21937037
0,3.21937037
0,3.21937037
0,3.21937037
0,3.21937037
0,3.21937037
0,3.21937037
0,3.21937037
0,3.21937037
0,3.21937037
0,3.21937037
0,3.21937037
0,3.21937037
0,3.21937037
0,3.21937037
0,3.21937037
0,3.21937037
0,3.21937037
0,3.21937037
0,3.21937037
0,3.21937037
0,3.21937037
0,3.21937037
0,3.21937037
0,3.21937037
0,3.21937037
0,3.21937037
0,3.21937037
0,3.21937037
0,4.06838751
0,2.69772053
0,3.42524552
0,3.26148248
0,2.24102640
0,2.33931231
0,3.84831667
0,3.58052731
0,1.28310096
0,3.56622910
0,1.36478579
0,1.55116463
0,2.75129080
0,2.49629593
0,3.02677798
0,2.55551434
0,1.98946047
0,1.37908173
0,1.97487390
0,2.16559029
0,2.94999838
0,2.59096575
0,4.03386974
0,3.54548907
0,2.95694852
0,2.95706081
0,2.56512952
0,1.62647545
0,2.86644316
0,2.52376676
0,2.98175764
0,2.48588991
0,2.17266107
0,2.71481037
0,2.22104049
0,3.85399461
0,2.82568836
0,2.63510036
0,2.45536709
0,3.68616366
0,2.68388343
0,2.82621336
0,2.03240705
0,3.37057137
0,2.52612519
0,2.55293274
0,3.04791808
0,2.48802280
0,2.92519283
0,1.76869178
0,4.51581144
0,2.52734661
0,3.38002300
0,1.97435296
0,2.42839861
0,1.94705915
0,2.10371017
0,1.81054473
0,2.45040965
0,3.23820758
0,2.39515376
0,2.55481243
0,3.23655653
0,3.38326454
0,3.14460588
0,1.55123198
0,2.16822863
0,2.56685352
0,3.12657380
0,2.86396360
0,1.69483709
0,2.65441060
0,2.89717960
0,1.87399149
0,2.53352833
0,2.93266320
0,2.33307314
0,3.24338055
0,1.65846312
0,2.75014949
0,2.23861027
0,2.53876996
0,2.53165126
0,2.27368760
0,2.29142118
0,3.22316146
0,2.84796572
0,1.17006862
0,3.68750167
0,3.23218107
0,1.71532774
0,3.26194882
0,3.11504316
0,2.93629503
0,3.23741293
0,2.77864313
0,2.10510731
0,2.70576811
0,1.32298326
0,3.26876545
0,2.41241026
0,2.13069701
0,2.65929508
0,2.68369961
0,3.00392151
0,2.98829985
0,2.22451186
0,3.31928635
0,3.75087738
0,2.44140339
0,2.88582611
0,1.65123427
0,1.84530854
0,2.62380505
0,3.10199690
0,2.44837236
0,2.60487986
0,2.93201232
0,3.08741546
0,1.99813592
0,2.93060136
0,2.24437046
0,2.29216385
0,2.55621004
0,2.60011864
0,3.36151648
0,1.81862772
0,3.36568832
0,3.88065076
0,2.54556561
0,2.99102139
0,2.13407254
0,2.43284774
0,1.87435389
0,2.79141378
0,2.46285677
0,2.80403852
0,1.79231501
0,2.98469281
0,5.43392134
0,3.34744048
0,3.10944366
0,2.05213022
0,1.62668717
0,3.20701003
0,2.68192124
0,2.03067613
0,2.47198367
0,2.38966703
0,3.03837681
0,3.42095685
0,3.39435101
0,2.62798858
0,2.36615396
0,3.33004308
0,3.48273706
0,2.26737595
0,3.51448560
0,1.74840903
0,2.74590778
0,2.80417991
0,2.52785516
0,1.95602083
0,2.12111568
0,3.19031620
0,3.05195880
0,2.35022998
0,2.75551629
0,2.83022094
0,1.78290606
0,2.86360002
0,3.07852674
0,1.86422861
0,2.43843055
0,2.93747711
0,2.41321468
0,3.15490556
0,2.65421772
0,2.36123610
0,2.35662889
0,2.42845869
0,1.50674868
0,2.51511693
0,2.53210855
0,1.86470580
0,2.11124516
0,2.90606689
0,4.04577541
0,2.19646764
0,2.41642332
0,2.08058310
0,1.29264343
0,2.72546530
0,3.08838058
0,1.96542633
0,2.67525578
0,1.44297516
0,2.21238995
0,3.12370849
0,1.84576583
0,2.91582775
0,1.74022067
0,2.15335321
0,3.64850450
0,2.30379796
0,2.57543826
0,3.01906133
0,2.10489678
0,2.65288973
0,2.16281676
0,3.26193142
0,2.52799320
0,3.68302059
0,3.08984923
0,1.82024407
0,3.41453338
0,2.79211593
0,2.14180636
0,1.93436480
0,3.95785093
0,2.64450502
0,2.26089597
0,2.66925383
0,1.89533091
0,2.01335311
0,2.77111769
0,2.25628448
0,2.73154330
0,3.31464076
0,2.88894105
0,2.86950588
0,2.21229720
0,3.68028092
0,3.08320928
0,2.62936878
0,3.08829880
0,2.58187270
0,4.69744349
0,2.83379531
0,3.49452019
0,1.98306990
0,1.82373428
0,2.20956421
0,2.91114378
0,2.61865306
0,3.23114371
0,2.76663542
0,1.17544281
0,2.44600725
0,1.94074333
0,2.74913120
0,2.41265798
0,1.52846134
0,2.07710695
0,4.10049582
0,3.03044605
0,3.06581783
0,2.58427691
0,3.86236238
0,2.83270288
0,3.02134991
0,2.74483705
0,2.82664442
0,2.47488594
0,4.10695124
0,2.47469020
0,3.08676243
0,2.44838333
0,2.56684971
0,3.37407207
0,2.61620951
0,1.36153197
0,2.94669986
0,2.21318817
0,2.89920020
0,2.22151756
0,2.23538685
0,2.72047067
0,2.56317091
0,4.02788544
0,2.97339225
0,2.12334871
0,3.41838908
0,2.36294937
0,2.00502682
0,2.50994253
0,2.34572506
0,3.73402500
0,1.73222458
0,1.66404200
0,2.33069730
0,3.03552151
0,2.00199604
0,2.92301559
0,2.86885190
0,1.08972180
0,2.14730120
0,2.72737002
0,2.57268238
0,1.37913346
0,2.39588022
0,2.20533276
0,1.52498579
0,2.58563066
0,2.62507534
0,1.85950518
0,3.67823195
0,2.38719082
0,2.61541462
0,3.22219086
0,2.41144061
0,2.82683849
0,2.77808952
0,2.45132446
0,4.60157251
0,3.06640744
0,2.47317243
0,2.44726539
0,2.42228150
0,2.78043532
0,2.33221555
0,2.67559648
0,3.41458607
0,2.17859483
0,4.06650972
0,2.11180782
0,3.02944088
0,3.01970077
0,1.88944185
0,1.83154893
0,2.70975757
0,3.75323606
0,2.06056786
0,1.44580913
0,3.07310009
0,1.97916281
0,2.02056980
0,2.78924918
0,3.15819454
0,2.22771287
0,3.45823288
0,1.46690798
0,2.31767583
0,3.11941957
0,2.83433056
0,3.41093540
0,2.31299829
0,3.40031028
0,2.35650086
0,2.76720905
0,1.87020898
0,2.65685558
0,3.08004498
0,1.34421635
0,2.05064011
0,2.88961625
0,2.38509393
0,3.37092781
0,1.22400343
0,4.47920132
0,2.32060075
0,2.44777036
0,3.26578784
0,2.94403791
0,2.31471848
0,3.36457181
0,1.90695357
0,1.88565314
0,2.27821064
0,3.99315548
0,2.06908703
0,1.56563425
0,1.75171709
0,3.63862062
0,2.49701142
0,2.55741382
0,3.29829693
0,2.16852427
0,2.50050831
0,3.60472441
0,2.90521336
0,3.00516868
0,2.44714928
0,2.91761827
0,2.44438601
0,2.57115388
0,2.01767254
0,2.39524937
0,3.00126934
0,2.75398374
0,2.38641596
0,1.89990509
0,3.53124905
0,2.71084261
0,1.91936088
0,1.96586013
0,2.29376745
0,2.48812199
0,3.07494521
0,3.93323636
0,4.08982515
0,1.66862571
0,2.92681408
0,3.67467165
0,1.81151497
0,3.66483855
0,1.87915802
0,2.55047917
0,2.30402613
0,1.98361647
0,1.55443335
0,3.18816900
0,0.98977691
0,4.32944822
0,3.87225056
0,2.19712996
0,2.71448874
0,1.95702827
0,3.43509865
0,2.75127149
0,3.14967275
0,2.49002957
0,2.42208982
0,2.13188148
0,2.53789616
0,0.89132762
0,2.51621342
0,2.63558388
0,3.05887055
0,3.02971172
0,2.69154096
0,2.26527476
0,1.72919846
0,2.82431936
0,3.36166763
0,3.53093457
0,1.86234581
0,2.09443045
0,3.41924620
0,2.51230407
0,2.01603460
0,2.16411114
0,3.23044682
0,3.13231015
0,2.64544749
0,1.61272836
0,2.43200302
0,1.97808373
0,2.64825058
0,2.82488132
0,1.73231673
0,2.65266037
0,2.04666042
0,1.82408988
0,2.83366489
0,3.35018945
0,2.22784519
0,2.73692703
0,2.27790499
0,2.84514999
0,2.73779964
0,2.91569352
0,2.63851905
0,2.48238587
0,2.19781566
0,3.35176921
0,3.43134856
0,3.96877837
0,3.50622368
0,3.76179934
0,2.91107965
0,1.67586076
0,3.81091738
0,1.56269121
0,3.33495426
0,3.89312029
0,4.14952517
0,2.62332821
0,3.14097619
0,2.06422901
0,2.26778460
0,2.82884812
0,1.86320579
0,1.86026382
0,1.99135101
0,2.15522766
0,2.40053082
0,3.30410480
0,3.43357635
0,2.76918244
0,2.77343583
0,3.11080647
0,1.44172978
0,3.06257367
0,3.43239784
0,4.08749294
0,3.01276946
0,2.55148005
0,3.12430024
0,2.29728699
0,2.69678593
0,2.05957317
0,2.88026905
0,2.32568908
0,2.02479291
0,2.26365829
0,2.23374605
0,1.11164200
0,2.86701512
0,3.11021805
0,2.28724074
0,2.40100241
0,3.18700886
0,2.56255555
0,1.60745132
0,4.12582445
0,3.41664934
0,2.58922911
0,2.92613578
0,2.74048185
0,2.36395049
0,1.48577309
0,2.92435193
0,2.10038853
0,2.16741896
0,3.41857362
0,2.75515962
0,2.83670497
0,2.18280792
0,2.70629668
0,3.21697474
0,3.42470908
0,2.90253711
0,3.06888747
0,1.60277796
0,2.66366315
0,3.27480769
0,1.67572892
0,2.75594068
0,2.99726391
0,2.77717209
0,3.23692822
0,3.83147764
0,3.21745515
0,3.57037902
0,2.86564231
0,2.05241251
0,2.17284822
0,2.48422146
0,2.38401723
0,1.59141600
0,3.04077744
0,2.40493488
0,2.51175404
0,4.07874060
0,1.84859765
0,3.91231275
0,1.60114908
0,2.94785404
0,3.34283066
0,2.84223390
0,2.96622634
0,3.24683213
0,2.66276574
0,3.43252921
0,4.25116920
0,2.44745684
0,2.40609527
0,3.93639922
0,4.52513456
0,2.68757582
0,2.03207994
0,3.57024550
0,3.72281981
0,3.84475803
0,2.93676972
0,2.42339706
0,3.62835979
0,2.71146584
0,2.99885845
0,3.28898668
0,1.89079642
0,2.29003429
0,3.32776380
0,3.22080088
0,1.93138587
0,2.90051937
0,3.83294630
0,2.40088868
0,3.25091290
0,3.05101466
0,2.27524900
0,3.11533689
0,2.29124546
0,2.70838332
0,2.79225278
0,2.56215334
0,1.57694674
0,1.87041140
0,2.49467850
0,3.34659863
0,2.55729342
0,3.42473888
0,3.06347990
0,3.25281191
0,2.68893147
0,2.27667594
0,3.27715397
0,3.35361767
0,2.38856983
0,3.94657397
0,2.53916454
0,2.92602730
0,2.57113051
0,1.83390510
0,2.79460788
0,2.64345884
0,3.27408671
0,2.57446337
0,2.43708348
0,3.25397277
0,3.27414203
0,2.25202966
0,3.00425625
0,3.17567945
0,1.26827800
0,2.35452223
0,2.69132066
0,2.59496570
0,2.25637054
0,3.34879875
0,3.11944008
0,2.70567250
0,2.27452898
0,2.39735484
0,1.87599182
0,2.25855684
0,2.72167325
0,3.44732404
0,2.13773060
0,3.46970057
0,3.46495938
0,2.14335537
0,2.65078878
0,3.25417423
0,2.49662757
0,3.08236146
0,2.23800778
0,2.08456540
0,1.63409185
0,3.08139634
0,2.42930198
0,2.14340925
0,2.20334673
0,1.00013089
0,2.92781568
0,3.26400208
0,3.01216221
0,2.55480313
0,2.05892897
0,2.71401644
0,2.66912079
0,1.73619413
0,1.79000306
0,2.42802930
0,2.26054859
0,2.84261322
0,3.32786107
0,2.33945417
0,2.48761415
0,1.86729729
0,2.88462734
0,3.62352490
0,2.90131855
0,4.02002621
0,2.98907757
0,2.91698289
0,4.29676580
0,2.39996624
0,2.87974191
0,2.24587035
0,1.21043777
0,2.92566705
0,4.33689928
0,2.04318237
0,3.46714449
0,1.71337020
0,3.31103873
0,1.99430227
0,2.49192238
0,2.47644329
0,2.03875184
0,2.77077270
0,3.11838412
0,2.27282429
0,2.37728214
0,2.28563190
0,2.25941992
0,2.65803385
0,1.75139403
0,2.95732784
0,1.99793005
0,2.66056252
0,3.16258621
0,1.42847955
0,2.38550997
0,4.39479113
0,2.61847806
0,1.96695924
0,1.59210801
0,3.07449675
0,3.51679683
0,1.92551994
0,2.26140547
0,1.86517417
0,3.53320360
0,2.18677521
0,3.19571853
0,4.25781822
0,2.89204526
0,2.52041793
0,2.19378996
0,3.07940102
0,2.70256710
0,2.26887369
0,1.69625628
0,3.07705998
0,2.68478489
0,2.54538655
0,2.37030149
0,1.64444709
0,3.65648913
0,2.67930889
0,2.78762388
0,3.57390809
0,1.35335433
0,3.16859913
0,2.26504683
0,1.97453988
0,3.27107716
0,2.15472674
0,4.41529512
0,2.39872599
0,2.56463313
0,1.82683992
0,3.76536059
0,3.33996844
0,1.99640024
0,2.95810795
0,2.55002475
0,2.68137026
0,2.61925793
0,3.86394715
0,2.19852734
0,2.32396412
0,3.10445237
0,3.59176970
0,3.92859530
0,2.91258693
0,2.67440033
0,3.33049965
0,3.46704006
0,2.22292042
0,2.48827243
0,3.35471773
0,1.97224677
0,2.90231371
0,2.87075567
0,1.98044229
0,3.40655041
0,1.70166254
0,3.38778400
0,3.08018684
0,3.66540623
0,2.90882778
0,1.76279187
0,1.73001063
0,2.46734262
0,2.61422563
0,2.72414112
0,1.44951844
0,2.84024000
0,2.13019848
0,1.21035504
0,2.96487904
0,2.26690769
0,3.13179469
0,2.35775614
0,3.52354670
0,3.20933938
0,2.53423905
0,2.47112179
0,1.96980202
0,3.25167632
0,1.72613251
0,3.36811662
0,3.15681219
0,3.06945705
0,2.85758758
0,2.64048719
0,2.35080624
0,3.63779545
0,3.25229049
0,3.17247224
0,2.99232221
0,2.84760404
0,4.30235815
0,2.67038178
0,2.97279119
0,2.87228727
0,2.58167911
0,1.90246916
0,1.25471497
0,3.40945959
0,1.91482103
0,3.35648012
0,2.42371511
0,2.70588374
0,2.50433445
0,2.76624179
0,2.75494099
0,2.84657526
0,2.86408496
0,3.33016896
0,1.98547792
0,2.20313478
0,1.68356133
0,3.25129294
0,3.49410629
0,3.21484852
0,1.69228208
0,2.65764880
0,2.91585922
0,2.38686776
0,2.20101929
0,2.02383089
0,3.42775345
0,2.74538445
0,2.81800961
0,3.24955416
0,2.76625562
0,1.16651404
0,2.73457599
0,2.54081297
0,2.63812685
0,2.50408387
0,2.10998511
0,1.94353020
0,3.69391966
0,4.17138481
0,2.15967417
0,2.69618440
0,3.94252515
0,2.23882461
0,3.18284750
0,3.63832092
0,3.58063006
0,2.52529693
0,2.74455047
0,2.77904201
0,3.49136066
0,2.10004139
0,2.41774583
0,1.69219351
0,2.23855305
0,1.58079362
0,1.90397394
0,3.17688799
0,2.79841018
0,2.45435047
0,1.80349791
0,1.74612534
0,2.71733975
0,1.91283798
0,3.46951580
0,2.46100831
0,2.14187241
0,1.89547455
0,3.05453777
0,2.29666281
0,1.73921573
0,3.13463712
0,1.84469736
0,2.30756783
0,2.17828441
0,2.65628290
0,2.33008671
0,1.91981506
0,2.52596188
0,2.88522267
0,3.53330851
0,2.61728621
0,3.19303942
0,3.11134601
0,2.22398877
0,2.03670764
0,2.67414069
0,2.97429419
0,2.43568373
0,2.40484285
0,1.63372552
0,3.19683743
0,3.18043470
0,2.74972153
0,3.35671139
0,1.96263456
0,1.92938280
0,1.98060358
0,3.65645051
0,2.64768195
0,3.12092280
0,3.31517887
0,2.58719778
0,1.82744658
0,2.45294094
0,2.69561100
0,2.14081502
0,2.29004765
0,1.12298059
0,2.55540299
0,2.96341991
0,1.77043915
0,3.17082953
0,3.71594143
0,1.47806466
0,3.60116863
0,2.53453064
0,2.47391319
0,3.01736665
0,2.28735256
0,3.28573990
0,2.68104386
0,3.64737201
0,2.53111434
0,3.80010056
0,2.94091797
0,2.57295322
0,2.17707157
0,3.11606193
0,2.74869442
0,2.46065307
0,1.44901323
0,3.59418750
0,3.82841611
0,2.26620197
0,3.12880754
0,2.76654720
0,2.65410352
0,2.64626241
0,3.11486173
0,1.89636660
0,1.67157888
0,2.53423405
0,2.22876310
0,2.89970255
0,2.37660050
0,2.24188972
0,2.51037431
0,2.79773736
0,2.36756635
0,3.08120155
0,2.57183933
0,3.32870770
0,1.94653082
0,2.54988170
0,3.49386287
0,2.47918868
0,3.61579776
0,2.54990387
0,2.93129563
0,2.86862230
0,2.14234591
0,3.42544413
0,3.72630358
0,4.67090273
0,2.28401685
0,3.59725189
0,1.09091187
0,4.02344513
0,3.28745937
0,2.79996657
0,2.45767546
0,2.54676437
0,2.83309054
0,2.29535747
0,2.51732898
0,1.59774888
0,2.93059158
0,2.28768063
0,2.54579425
0,2.37995362
0,3.09794950
0,1.48872828
0,1.29567003
0,2.01363015
0,2.70433140
0,3.64628124
0,2.01631641
0,2.96014071
0,3.28926802
